signal_id,sample_code,pellet,shot,scs_label,file_source,Ignition_Temp,Ash_Content,Fixed_Carbon,Moisture,VM,snr_raw,snr_proc,absorption_proxy_raw,p2p_raw,rms_raw,kurtosis_raw,skew_raw,peak_time_raw,absorption_proxy_proc,p2p_proc,rms_proc,kurtosis_proc,skew_proc,peak_time_proc,acoustic_velocity,acoustic_velocity_onset,t_onset,rise_time_proc,fall_time_proc,peak_duration_proc,signal_energy_proc,area_under_curve_proc,p2p_tdb3,wave_energy_3,wave_entropy,spectral_centroid_global_raw,spectral_centroid_global_proc,spectral_bandwidth_global_raw,spectral_bandwidth_global_proc,spectral_entropy_global_raw,spectral_entropy_global_proc,area_under_fft_raw,area_under_fft_proc,dom_freq_1_raw,dom_mag_1_raw,dom_freq_2_raw,dom_mag_2_raw,dom_freq_3_raw,dom_mag_3_raw,dom_freq_1_proc,dom_mag_1_proc,dom_freq_2_proc,dom_mag_2_proc,dom_freq_3_proc,dom_mag_3_proc,peak_mag_ratio_raw,peak_mag_ratio_proc,spectral_centroid_1_raw,spectral_centroid_1_proc,spectral_bandwidth_1_raw,spectral_bandwidth_1_proc,spectral_entropy_1_raw,spectral_entropy_1_proc,spectral_area_1_raw,spectral_area_1_proc,spectral_centroid_2_raw,spectral_centroid_2_proc,spectral_bandwidth_2_raw,spectral_bandwidth_2_proc,spectral_entropy_2_raw,spectral_entropy_2_proc,spectral_area_2_raw,spectral_area_2_proc,spectral_centroid_3_raw,spectral_centroid_3_proc,spectral_bandwidth_3_raw,spectral_bandwidth_3_proc,spectral_entropy_3_raw,spectral_entropy_3_proc,spectral_area_3_raw,spectral_area_3_proc,spectral_centroid_4_raw,spectral_centroid_4_proc,spectral_bandwidth_4_raw,spectral_bandwidth_4_proc,spectral_entropy_4_raw,spectral_entropy_4_proc,spectral_area_4_raw,spectral_area_4_proc,spectral_centroid_5_raw,spectral_centroid_5_proc,spectral_bandwidth_5_raw,spectral_bandwidth_5_proc,spectral_entropy_5_raw,spectral_entropy_5_proc,spectral_area_5_raw,spectral_area_5_proc
Low_C3_P1_05,C3,P1,05,Low,Low_SCS.xlsx,412.297,,,,,21.85083931528295,21.822856505785943,0.00227822752783697,0.00548041879705296,0.0019921555194613795,167.4131199749802,-5.060616719694859,3e-06,0.0002345484057147611,0.0004242427846691782,5.164736478170863e-05,3.4483092199164593,0.5286311629238275,2.92e-06,2054.7945205479455,2238.8059701492534,2.68e-06,1.68e-06,2.2e-07,5.3599999999999995e-06,6.959385893357976e-14,9.247532359866955e-10,0.00014567454030682024,5.330626565020265e-09,0.4233479542837087,6.070013013010489,1.4085825134503036,7.406509577574502,2.6421545856978423,0.6758302182713757,0.6580241549206397,0.00028853030386232344,1.8244076622764957e-05,0.30627871362940273,2.2443145943654312e-05,0.6891271056661561,1.901590437333476e-05,0.8422664624808575,1.7900640206555244e-05,0.30627871362940273,1.87685903851454e-05,0.6891271056661561,1.8399979338238443e-05,1.0336906584992342,1.763815016321977e-05,1.1802302074517808,1.0200331761301353,0.3050970503449164,0.3046522418441617,0.04099493861257869,0.04977592932177209,0.88797077449345,0.9470203077320111,1.72048710642484e-06,1.7766934440136887e-06,0.47709140426904434,0.4754349585977478,0.05350420528248837,0.05529482265952795,0.9422425885867229,0.888638394420767,1.3774548631657076e-06,9.609322276169905e-07,0.6914331202168139,0.6775649385955718,0.049214730541585074,0.04659004349866264,0.9832964632432449,0.9596813353158513,2.1887344550757676e-06,2.1209760940352302e-06,0.890129706508809,0.9105084068697329,0.06245556935376979,0.06436769671983031,0.9873211178237677,0.9882843762399075,2.7163988597106252e-06,2.4590432225620034e-06,1.1391171877078807,1.1160234090529284,0.07479231118371471,0.07690984798758398,0.9922692774483359,0.9417884710387883,3.0425147726758043e-06,2.049968365988828e-06
Low_C3_P1_10,C3,P1,10,Low,Low_SCS.xlsx,412.297,,,,,23.51897557894608,24.032152335844966,0.00219308638044764,0.00547574438111787,0.0019215216716842775,157.57150931156616,-4.924155073074752,2.92e-06,0.00021392037878320458,0.00041811120596684783,5.174556373457439e-05,3.4462025148469975,0.42991891205707217,2.92e-06,2054.7945205479455,2238.8059701492534,2.68e-06,1.1e-06,2.000000000000002e-07,5.5200000000000005e-06,6.951361573828211e-14,9.34857600416167e-10,0.00013231118520513527,4.4437714961630755e-09,0.43047636677829937,6.186327164139374,1.8018764040666815,7.457012005218841,3.4891135770059156,0.6853661182590365,0.6830202622550456,0.00028738832975626675,1.876175055035029e-05,0.6891271056661561,1.9504721331635395e-05,0.8422664624808575,1.9252948619152656e-05,0.30627871362940273,1.8195566783920047e-05,0.15313935681470137,2.458474785117435e-05,0.6891271056661561,1.8697208411095772e-05,0.9954058192955589,1.753835532638834e-05,1.0130770462429446,1.3148886184365376,0.30425952668212897,0.29763238497739375,0.04443998768791171,0.05268702742236189,0.906476792776942,0.8961217500101653,1.3850853298887859e-06,1.321075690460241e-06,0.47701726080312457,0.4751955520211264,0.05733950841906776,0.05638603675944706,0.9069256468877211,0.898285355003188,1.2790883688542576e-06,9.695221459755058e-07,0.6908145235838351,0.6737169872877787,0.04914574801744988,0.04587154674858646,0.9803330766686972,0.945710850119986,2.1199868584285673e-06,2.0644523697970646e-06,0.8903560160021324,0.9103622005965303,0.06146509989022593,0.06273640511808001,0.9863319415017185,0.9869068731201655,2.8939299265062558e-06,2.6819848894455195e-06,1.1349500163159423,1.1122474701769223,0.07341406391605258,0.0741844103059598,0.987105276594841,0.9290344824141894,3.0796086424297328e-06,1.9695667329526895e-06
Low_C3_P2_05,C3,P2,05,Low,Low_SCS.xlsx,412.297,,,,,21.012908567847926,19.09399900966748,0.00221011460992551,0.00549911646079336,0.0019092583575343095,165.65980276688927,-4.494440278600349,3.18e-06,0.00023098054739839572,0.0004604217828136736,4.758561700587844e-05,5.76145706735627,0.5312586863483139,3.2e-06,1875.0000000000002,2000.0,3e-06,6.400000000000002e-07,1.7999999999999997e-07,4.58e-06,5.908444942222369e-14,8.271720156430907e-10,0.0001336782841654097,7.998602641597679e-09,0.33851820876771,6.113292245034759,1.6275588012334214,7.388372204017373,3.075422079730539,0.6790033108613264,0.6822525193951664,0.00028044837872786036,1.820442137657392e-05,1.0719754977029097,2.050379288404994e-05,0.2679938744257274,1.937943267448976e-05,0.7656967840735068,1.9097831174892002e-05,0.5359877488514548,1.5746859371519474e-05,0.7656967840735068,1.5055495746985657e-05,1.0719754977029097,1.5001790625114235e-05,1.058018166497829,1.0459209441011794,0.30957766818315113,0.2989799842596284,0.05039674218129099,0.05820792584911904,0.9539304785750421,0.9523862734145795,2.042157997220075e-06,1.562191352962614e-06,0.5113313559479774,0.5251894636668525,0.053406405982320326,0.04751997639787976,0.9780280566910722,0.8794386671390911,1.4566071829008108e-06,1.3263550709900123e-06,0.7104955144318134,0.7149962602964154,0.05419358587063888,0.05105614948398159,0.9351406439034058,0.9168123654880663,1.6439419796547725e-06,1.231577494708117e-06,0.9086471489896352,0.90088124975292,0.07874435648269457,0.06854182028210482,0.8655652054668185,0.9880224715902968,1.2181356299782017e-06,1.818192603867366e-06,1.08631932500945,1.123019947252092,0.054396129707422955,0.07517697056971748,0.77718213475343,0.9616937653312384,2.075623246630617e-06,2.296453337900577e-06
Low_C3_P2_10,C3,P2,10,Low,Low_SCS.xlsx,412.297,,,,,23.851297435476667,21.673974979524377,0.00227655809357443,0.005502121442465931,0.0019426948263420274,170.63682535872715,-4.955197799187846,3.22e-06,0.00025142566076796855,0.00048176851646700256,4.8273826698809245e-05,5.963149343488519,0.5038067354963378,3.2e-06,1875.0000000000002,2000.0,3e-06,6.6e-07,1.7999999999999997e-07,4.46e-06,6.085996088270815e-14,8.336382053293109e-10,0.00010346319159521648,8.296923508634778e-09,0.33598538648170795,6.072609679476537,1.4918921693660274,7.39445039661945,2.755081190035607,0.6758217341987486,0.6718061021844373,0.00028225268763620956,1.8110104244634234e-05,0.2679938744257274,2.6496272774892926e-05,1.0336906584992342,2.28214996495948e-05,0.7274119448698315,1.8272768435567436e-05,0.2679938744257274,2.1313054715396013e-05,1.0336906584992342,1.718313512005983e-05,0.7656967840735068,1.4018321476634108e-05,1.1610223701640485,1.2403471966048654,0.3043785715488732,0.2920039222068784,0.05037081403192182,0.053233681504088554,0.9261309608487648,0.9460573694724428,2.2169569290138194e-06,1.8671538564954196e-06,0.5163115321295153,0.527229447403816,0.04940225628843675,0.04555237410561488,0.9561108587170195,0.8947774295405475,1.4066581720400785e-06,1.25975066364715e-06,0.7201876720184444,0.7228371444371468,0.0475339397866002,0.04593772010719773,0.8709449133307169,0.8391404432076512,1.499762775831753e-06,1.1372082098265505e-06,0.9146009901727509,0.9065244118413686,0.07721641821164923,0.06840333770624717,0.8829417325787332,0.9875414713639127,1.202053680357421e-06,1.773129005637456e-06,1.0908393434569148,1.11851424114123,0.05903468846354109,0.07309356003317646,0.8178235613688746,0.9517841706172906,2.3451329858453604e-06,2.4318603110018623e-06
Low_C3_P3_05,C3,P3,05,Low,Low_SCS.xlsx,412.297,,,,,19.69092722771847,18.520746409526275,0.00220009800435029,0.00550278921617094,0.0019332913550268323,175.55944811428802,-5.327188939720661,3.14e-06,0.0002051154450603688,0.0003763513171634544,4.7348993817194176e-05,3.634365664976971,0.9134779782598346,3.06e-06,1960.7843137254904,2112.6760563380285,2.84e-06,1.8000000000000001e-06,2.6000000000000005e-07,3.0199999999999995e-06,5.851837249953492e-14,8.598840144912105e-10,0.00010551694678151174,7.407888802718413e-09,0.48545517480358397,6.282662828954438,1.5269187411937428,7.516087080236972,2.9120195061222445,0.6838197951735123,0.6716507570617206,0.0002871628896487832,1.6796034989777223e-05,0.8039816232771821,1.908624372909722e-05,0.30627871362940273,1.754383106930818e-05,1.0719754977029097,1.3637478135874396e-05,0.8805513016845329,1.7461687882658174e-05,0.30627871362940273,1.3151227550666986e-05,0.6125574272588055,1.269288203934922e-05,1.0879176028187931,1.32776096281686,0.30784289491969874,0.30155146448952175,0.04574982615444578,0.04604732637543205,0.937769826807481,0.9619273661254556,1.6070051699023296e-06,1.4238787417109343e-06,0.5005465205947872,0.5178695345609241,0.06068839031196019,0.0615028154980774,0.9618507106484989,0.8460048493002781,8.689073203351393e-07,6.909613903635097e-07,0.7021973063268004,0.6903197907506169,0.05872031503264225,0.061585867138485004,0.9591985913383875,0.9582010581144877,1.430833969718461e-06,1.195249528883973e-06,0.8816471131398462,0.8909237119779453,0.06762280646591921,0.06275739498796379,0.961204150057037,0.9917187663992222,2.3779004276126573e-06,2.7114284528970785e-06,1.1172370371128242,1.14702149205189,0.06437289436155332,0.08190180410968768,0.9358530148378664,0.9899028727042979,2.1591835427846246e-06,1.306296952191363e-06
Low_C3_P3_10,C3,P3,10,Low,Low_SCS.xlsx,412.297,,,,,21.144501733415023,18.00039453097533,0.00219375415415265,0.00548876596836564,0.0019280003345692074,177.1542671528327,-4.947882383742172,3.06e-06,0.00019371482169682733,0.0003735741278875341,4.4037949671138277e-05,4.731327811425544,0.7700347991556721,3.1e-06,1935.483870967742,2112.6760563380285,2.84e-06,6.6e-07,2.000000000000002e-07,2.1e-06,5.065101895289683e-14,7.603743628180323e-10,8.889332047107629e-05,5.3487815057462106e-09,0.4601239024802801,6.267581117222927,1.5597682385394562,7.501253309357745,3.0265814146356242,0.682334391477362,0.6764311513973791,0.00028498463245536424,1.621961065888677e-05,0.8039816232771821,1.8736883503135362e-05,0.30627871362940273,1.8456154916609906e-05,1.0719754977029097,1.3330542605668502e-05,0.15313935681470137,1.9359858932592246e-05,0.8422664624808575,1.638081580404072e-05,0.30627871362940273,1.3119588056413671e-05,1.0152105122970279,1.1818616351180165,0.31194021061524124,0.29910181394022656,0.0464236733654294,0.04866391465984536,0.9480431830133932,0.9748783197459269,1.7072408992449877e-06,1.437076644154197e-06,0.49926201384321667,0.5120012685619942,0.05771684264053855,0.06165145179504134,0.9898941609462184,0.910238447672588,9.043597905574203e-07,7.061720264322594e-07,0.7058352451844744,0.6922749383125736,0.05993345112961468,0.06289747556170736,0.9289426433462594,0.9372949267068338,1.274892240348569e-06,1.1368672068643657e-06,0.8840934962590431,0.8910009132439309,0.06950765529273396,0.06339704550853481,0.9629268710989992,0.9930661090748149,2.3155907731349736e-06,2.6062806480538315e-06,1.1200143694913338,1.1479080333657106,0.0634009804185676,0.079018606521377,0.9299511110357572,0.9930950465261565,2.2462261414370678e-06,1.3990896325640716e-06
Low_C3_P4_05,C3,P4,05,Low,Low_SCS.xlsx,412.297,,,,,23.984531138525128,25.271889915108154,0.00239709124732953,0.00547374106000282,0.0020576436168279182,180.40410507390098,-4.580967391560559,2.88e-06,0.0003047563489855922,0.0005037178257380619,4.7176246289628364e-05,14.24151184512025,1.910086051537511,2.92e-06,2054.7945205479455,2238.8059701492534,2.68e-06,7.000000000000001e-07,2.2e-07,7.600000000000003e-07,5.812685733948309e-14,6.632154513657491e-10,7.02117115418519e-05,4.923448899914598e-09,0.35883292233958897,6.119862034785621,1.4124089498350707,7.4827447026095255,2.1926105893634293,0.6696809475176009,0.6603579437867708,0.00029109141637262496,1.6948429909193003e-05,0.8039816232771821,2.4578144347635886e-05,1.0719754977029097,2.0172159946039292e-05,1.4931087289433382,1.1629268467139083e-05,0.9188361408882082,2.0605311922898226e-05,0.6891271056661561,1.4291304749885482e-05,0.42113323124042873,8.471807829992386e-06,1.2184190089194034,1.4418075075514594,0.30460282773795494,0.2978814584686724,0.05034078041102625,0.0523270475498549,0.9826379446278428,0.9692787008620354,1.2664650758466784e-06,9.431126019126269e-07,0.48847130393184834,0.5050609223871901,0.05225813892367983,0.057542656121302355,0.983097767748639,0.9769541240502674,1.2331393803535255e-06,1.0933107353273823e-06,0.7248237264435164,0.7090207562647565,0.03966706079804194,0.04703945775733636,0.8253275212640315,0.9404889500537809,1.6585764337607758e-06,1.6541972884181896e-06,0.883219464817657,0.8962220794614124,0.06534801207329533,0.06335217755887937,0.9782230305510655,0.9976617263396612,3.3231595085619486e-06,3.630864264406921e-06,1.1320615321343617,1.1279153273185367,0.07493264493632398,0.08205987827197875,0.9843923978179934,0.9593476712724477,3.276438315224263e-06,1.870563247680258e-06
Low_C3_P4_10,C3,P4,10,Low,Low_SCS.xlsx,412.297,,,,,24.423917581702945,25.017972801617844,0.00234033048240331,0.00545404173570489,0.0019904228277467045,181.41391878664712,-4.554223289881609,2.92e-06,0.0003163663515314543,0.0005173550465818614,4.7723582025690634e-05,15.89120718507278,2.2186395036118434,2.94e-06,2040.8163265306125,2238.8059701492534,2.68e-06,1.4600000000000002e-06,2.000000000000002e-07,7.400000000000001e-07,5.932918726836885e-14,6.550617542761967e-10,8.364203530931169e-05,6.824710187434934e-09,0.33929675897494843,6.255170476359645,1.7659386663795917,7.529584585734055,3.197964045823399,0.6784614804289361,0.6796018799698516,0.00028926958866290454,1.7558440687093337e-05,0.8422664624808575,2.3085878093679684e-05,1.0719754977029097,2.1010106430820083e-05,0.6891271056661561,1.4880885861036005e-05,0.9188361408882082,2.095997952983617e-05,0.6891271056661561,1.451678785897833e-05,0.15313935681470137,1.3050618407059617e-05,1.0987986696257734,1.443844071402393,0.30338730304436273,0.30004142483954804,0.05352660321824943,0.0589237746269306,0.9569182505093139,0.9258257941283102,1.0580612469866726e-06,9.576656425218575e-07,0.5019827952027058,0.5226958536141119,0.052260695223787894,0.05041556589079637,0.9866466420553689,0.9160551372926214,1.0638687168447175e-06,1.003178841132908e-06,0.7229276340852518,0.7057216260097615,0.04162840019726956,0.0495247266280321,0.8464617183102215,0.9506969107246318,1.73856113791944e-06,1.6322220155171997e-06,0.8874999790973508,0.9007121685883477,0.0660659972918205,0.06330462422282018,0.9832543022832445,0.9974659131335379,3.3340450413487497e-06,3.6566752097124862e-06,1.128429375630365,1.1299853187250979,0.07176543838994509,0.08153597933064671,0.9769474384328376,0.9660526233158903,3.4155100041311614e-06,1.9457993748205273e-06
Low_C3_P5_05,C3,P5,05,Low,Low_SCS.xlsx,412.297,,,,,23.58589778134651,22.932219716637533,0.00244049653815547,0.00543935071419457,0.0020398666033107794,169.34155099691583,-4.148784139030657,2.9e-06,0.0003126195666877373,0.0005880156556879876,6.075483774797254e-05,5.826838739517335,0.4268676896666568,2.92e-06,2054.7945205479455,2222.222222222222,2.7e-06,1.6800000000000002e-06,2.4000000000000024e-07,8.200000000000002e-07,9.506936412566217e-14,1.0386898348903808e-09,9.541833789857361e-05,1.0983769936398187e-08,0.34837579331484264,5.906790896995742,1.1827525521525606,7.346203797658867,1.8479854173754007,0.666980071531238,0.6428295180251602,0.0002871863112201822,2.0893488060394692e-05,0.8039816232771821,2.2471799896171952e-05,0.6508422664624809,2.198693033078611e-05,1.14854517611026,1.999060538780811e-05,0.6508422664624809,2.3740364037295998e-05,0.9954058192955589,1.6767313929047153e-05,0.8039816232771821,1.673569763421203e-05,1.0220525801482325,1.4158715416127219,0.32864371753980093,0.31651769082689635,0.05176492631083323,0.05629703015388164,0.8545965623829858,0.9603916941035476,1.3301704416251808e-06,1.2085110850584362e-06,0.4857588558451044,0.4884814535001191,0.06324168422492943,0.061314329962794116,0.8747071417382766,0.8939971712491783,1.1016048270499913e-06,1.079409993725552e-06,0.6931897724063175,0.6793125114158434,0.05011308004099399,0.05087539532992737,0.9820079992727483,0.9750169622323364,2.8025799987464954e-06,2.4621091158871622e-06,0.8796410434982699,0.8983142786760311,0.06869854801145348,0.06695810583492243,0.9482078350413635,0.9971963191111527,2.4486050350390604e-06,2.868299906021647e-06,1.1413710742749237,1.1453683675914832,0.0696467789857612,0.07793294750064433,0.9870094505522035,0.9979134972986194,3.7953323910001785e-06,2.4974427807793014e-06
Low_C3_P5_10,C3,P5,10,Low,Low_SCS.xlsx,412.297,,,,,21.980939146579527,22.617888200084003,0.00239041351027939,0.0055011197819084,0.0020535409730513743,177.3804787693244,-4.333196712667741,2.92e-06,0.0002859897551650397,0.0005532140723701667,5.819020199376235e-05,5.660061891908073,0.2114525495482574,2.92e-06,2054.7945205479455,2205.8823529411766,2.72e-06,1.1800000000000001e-06,2.2e-07,8.200000000000002e-07,8.834027732096681e-14,9.616602084829715e-10,9.564820882100944e-05,9.442043359292096e-09,0.3806788839324907,5.891972039833372,1.472554448384563,7.348625083888652,2.6929046078049304,0.6654039683797052,0.6676549983828315,0.0002875567420510612,2.0887284998003287e-05,0.6508422664624809,2.233038671457593e-05,0.8039816232771821,2.143508692701093e-05,1.1102603369065849,1.836678026328648e-05,0.6508422664624809,2.342017507729047e-05,0.8039816232771821,1.5861600983952134e-05,0.3828483920367534,1.4212899813994427e-05,1.0417679083292593,1.476532767685488,0.32178119368989655,0.32696404764838544,0.055486579613953445,0.05446711657168038,0.8954141251383227,0.8606240875416115,1.3236471252858347e-06,1.053494607753159e-06,0.4884632733576809,0.48696280512055007,0.062161742215094525,0.060355521685506834,0.9111263959716734,0.9089336618085818,1.0826000144705417e-06,1.0998620945349953e-06,0.6929322952764106,0.6803092182579377,0.04815411297636669,0.04852528488055234,0.9749446339059052,0.9727662806528125,2.9155001424813715e-06,2.569038136855556e-06,0.875113916914381,0.895269112991739,0.06590781668808667,0.06589390969741656,0.9424998232522992,0.9975651264945281,2.2852769202950513e-06,2.7034226728196343e-06,1.1450789819046945,1.1446945025650552,0.07069314088239162,0.07735179430971574,0.9917184648007982,0.9985339055871714,3.734368942321148e-06,2.3723996005189692e-06
Low_C3_P6_05,C3,P6,05,Low,Low_SCS.xlsx,412.297,,,,,22.295443944741212,23.628013005631434,0.00227388699875438,0.00548275600502051,0.0019652364697948154,193.59497662871752,-4.453195201051547,2.66e-06,0.00024312760151552564,0.00043461477543011167,4.3385478252435625e-05,10.311951431657581,0.6860347057961073,2.68e-06,2238.8059701492534,2439.0243902439024,2.46e-06,7.199999999999999e-07,2.2e-07,1.2600000000000002e-06,4.9165386606041297e-14,6.510389756242312e-10,7.489194267197013e-05,1.1372056714534413e-08,0.4602331550938671,6.213849837480695,1.4305790379910088,7.46650178192193,2.245725118094091,0.6773792134479086,0.6662726846423588,0.000284339702217234,1.60399884582201e-05,0.7656967840735068,2.3305376821459752e-05,1.225114854517611,2.1492745598272616e-05,0.4594180704441041,1.5215177899727223e-05,0.7656967840735068,2.0223727881333853e-05,1.1868300153139357,1.3731557006209195e-05,0.9571209800918835,1.3725974692330507e-05,1.084336834982869,1.4727919346216214,0.2957103945796898,0.2909191803118544,0.043137325690678005,0.048290141508834726,0.9269292629868038,0.9618376955781062,1.0245614297754738e-06,7.924876019258625e-07,0.486723853596027,0.49553321301234593,0.04997409300783456,0.052786132502486885,0.9739665569827156,0.9877832567882261,1.607043735408181e-06,1.4225565438492854e-06,0.7162609833120902,0.7064798047909838,0.05578280049051074,0.05825680406459748,0.8838230973525719,0.9301479033139887,1.4612128571310487e-06,1.625049809268109e-06,0.8793075953549744,0.8960568564136738,0.06061515496086168,0.06687289077978871,0.9673495270701182,0.9953516994256696,3.0141763254183515e-06,2.5045707920117963e-06,1.1829672139576677,1.150413035755832,0.06289851610754481,0.07545391577422798,0.923628619902457,0.9882627199013944,2.9226034220899487e-06,2.3586546966202186e-06
Low_C3_P6_10,C3,P6,10,Low,Low_SCS.xlsx,412.297,,,,,23.058532475084526,22.79339346815985,0.00229659130472487,0.00547941713649544,0.0020086852855966714,189.25395004771036,-4.704242178893433,2.74e-06,0.00021400125028530551,0.00041483562773541146,4.200297870902036e-05,8.963441637172819,0.16013583729053657,2.7e-06,2222.222222222222,2459.016393442623,2.44e-06,9.200000000000001e-07,2.2e-07,1.3399999999999999e-06,4.608170416864207e-14,6.529386830535187e-10,9.793943932839776e-05,5.199379759649305e-09,0.4310389099481186,6.202263958167321,1.666912866468122,7.4963627469229595,3.1009205051312585,0.6742147135992617,0.6781606809843221,0.0002875040267036009,1.5681428841301802e-05,0.8039816232771821,2.26041295389706e-05,1.225114854517611,2.1800650886380415e-05,0.4594180704441041,1.3642729073541682e-05,0.7656967840735068,1.8219076042668398e-05,0.9954058192955589,1.3101695930561751e-05,1.225114854517611,1.2893434391611386e-05,1.0368556709578094,1.3905890312704121,0.3001213197984353,0.2977771487949452,0.052650729203605265,0.05831819808651251,0.9928369479105752,0.9703805681341566,9.066380041877211e-07,7.17450903445042e-07,0.4981096280682512,0.5105974164989006,0.050737129347432464,0.05100359550878663,0.980915096572124,0.9532868153779845,1.5207394678891451e-06,1.3079869136668617e-06,0.72455533371384,0.707624358551716,0.050173353410965627,0.05661499779737262,0.8459061360562066,0.9403917289984307,1.2898898058781846e-06,1.518848043057689e-06,0.8799012566429198,0.8951749962576988,0.06156743887832488,0.06738835987571205,0.9719854883091412,0.9954867526015004,2.9970676344178733e-06,2.3811219698831173e-06,1.1863297837944737,1.1491881464401608,0.05898187180409081,0.07152439430649178,0.8977291659217846,0.9828722225413231,2.758766054830704e-06,2.2915709880456805e-06
Low_C4_P1_05,C4,P1,05,Low,Low_SCS.xlsx,439.72,27.94,43.78,0.73,27.55,22.160596719924733,16.978943315442706,0.00257605460027339,0.00547207162574027,0.0023337796593246346,258.16676460454346,-8.28420417616953,3.46e-06,0.0001649404713514399,0.0003186284834168626,3.75606550576951e-05,3.7520148250327683,0.5339430031280897,3.44e-06,1744.1860465116279,1840.4907975460123,3.26e-06,1.08e-06,4.799999999999996e-07,3.0599999999999995e-06,3.666945771918552e-14,6.58980665465021e-10,8.600079260397071e-05,4.536614969012106e-09,0.44092704739165145,4.387647482241462,1.90350897337,6.147931999411193,3.667982008470521,0.5840694115469003,0.7026460278647711,0.0002632443075674973,1.42159007411039e-05,0.30627871362940273,1.5779966675534622e-05,0.9571209800918835,1.4293035832769776e-05,0.6125574272588055,1.3957469530961109e-05,0.49770290964777947,1.4527381383028201e-05,0.30627871362940273,9.491884364707992e-06,0.8422664624808575,8.830765578150869e-06,1.1040317645691466,1.5305053553472958,0.28796754988012124,0.29845075067048127,0.048627217322037265,0.04843786271625769,0.8858145961300264,0.9233704868092558,1.2698148755946232e-06,9.55254349966677e-07,0.4983615101585407,0.4971454447102889,0.05543658475777694,0.046677545529026296,0.9975899607404276,0.9585933627736839,1.5255940768015163e-06,1.6875307148794957e-06,0.665076781864576,0.686661719740424,0.04877806505454587,0.05630898739544861,0.9319504592715546,0.9829404026931253,1.242884329520313e-06,9.577293232672924e-07,0.9225271223371098,0.8940097882833009,0.05207839512182716,0.06520886999836226,0.9049110645845737,0.9822380522473871,1.980211514856675e-06,1.2856398890072807e-06,1.1748541247384945,1.1492977673929228,0.08073394698756796,0.07859609945327657,0.9443471965328571,0.9908530073902274,1.6793302135696002e-06,1.0974235308206077e-06
Low_C4_P1_10,C4,P1,10,Low,Low_SCS.xlsx,439.72,27.94,43.78,0.73,27.55,20.98729467177234,19.746292002758384,0.00244984537002567,0.00549844868708833,0.0022529126489220738,273.25610951876155,-8.631811168404752,3.54e-06,0.00018650913372815004,0.00031428843190041373,3.807189933937572e-05,4.402625233664572,-0.39851234509136746,2.98e-06,2013.4228187919464,2238.8059701492534,2.68e-06,1.72e-06,1.7999999999999997e-07,2.8999999999999998e-06,3.785792671452045e-14,6.869213983352569e-10,8.435918707170684e-05,5.771717481698352e-09,0.462883235363437,4.483066610799297,1.7095419418380595,6.183763530394117,3.3869953066367477,0.5929162147124077,0.6898861839089849,0.0002599853182305478,1.4186225613186154e-05,0.22970903522205205,1.6529292331645196e-05,0.9571209800918835,1.359137765582008e-05,0.57427258805513,1.301889006188493e-05,0.4594180704441041,1.2238640984459448e-05,0.22970903522205205,1.15476669076258e-05,0.8422664624808575,8.091821385281891e-06,1.216160093116606,1.059836590587901,0.2883587921336983,0.30441820351250237,0.05027324085927205,0.05713892260023137,0.9275936221355824,0.9579479921990057,1.513313673985512e-06,1.1590596653128416e-06,0.5065173183778798,0.5031386437172057,0.05586894015710703,0.049497041570283104,0.9824217827228588,0.9747715586317774,1.4299149982691511e-06,1.49492255841275e-06,0.6682228479742063,0.687870557102628,0.049942691035013545,0.05516886625578091,0.9500590986240764,0.9953653663728064,1.1107039266092683e-06,8.627564507416425e-07,0.9209963005570077,0.8990889887465598,0.05359416378551708,0.0650852922565984,0.9369420269683736,0.9977666441106801,1.9709063926640403e-06,1.314704097090462e-06,1.184806031211782,1.1367164438120598,0.0749830724667746,0.07756267844947252,0.9130389896742283,0.9914405154149357,1.471788944049039e-06,1.2209380840338797e-06
Low_C4_P2_05,C4,P2,05,Low,Low_SCS.xlsx,439.72,27.94,43.78,0.73,27.55,22.013567516743922,18.2276757769165,0.00239241683139443,0.00553551012771664,0.0021563622441688936,265.3652563697134,-8.897034435651939,3.82e-06,0.00018877612758130268,0.00037550057718515933,4.085618527169501e-05,5.603332151514847,0.3517152959652735,3.38e-06,1775.147928994083,1935.483870967742,3.1e-06,2.6000000000000005e-07,1.3999999999999993e-07,2.6600000000000004e-06,4.359195320804677e-14,6.916261734933458e-10,9.072814229879809e-05,7.36060304135394e-09,0.3866303349862713,4.615883091491425,1.64201379188109,6.228161593164352,3.0188375074956344,0.6076227586040889,0.6820801046199206,0.000259700529044478,1.5239537997135232e-05,0.8805513016845329,1.6178202581286036e-05,1.14854517611026,1.4574307561120318e-05,0.6125574272588055,1.3140551213080503e-05,0.4594180704441041,1.3457896955398478e-05,1.0719754977029097,1.256082443944961e-05,0.6508422664624809,1.1582398054278614e-05,1.1100494073828246,1.0714181978145678,0.2873874682506342,0.29491768973034377,0.0513615724010864,0.04632822460177171,0.9609342816755776,0.9239028442599929,1.12155615819348e-06,6.704298995715275e-07,0.49109152000858697,0.4739091131498052,0.052773256089520174,0.04701359762307194,0.991389064132798,0.9025948163863364,1.2370448189366329e-06,1.061315190549631e-06,0.6612532469561564,0.6714797317352174,0.049197051086346984,0.04636383358734651,0.9125096222958395,0.9426984446875927,1.0763587211265224e-06,1.253146501286608e-06,0.8953916651051625,0.9088808540239498,0.054528134907506444,0.06126348665515316,0.9592694434229017,0.9870115726688176,2.116075930239794e-06,1.6190347184555627e-06,1.1408353045854498,1.141423898380835,0.062210370621499644,0.07902704980998461,0.9519706064262429,0.9924841288116759,2.670731543976791e-06,2.238136205157082e-06
Low_C4_P2_10,C4,P2,10,Low,Low_SCS.xlsx,439.72,27.94,43.78,0.73,27.55,21.416239293574215,16.684662748699076,0.00247889352619379,0.00549243872374321,0.0022261132314085014,244.29283985433173,-8.257566978890713,3.88e-06,0.00019456887546100206,0.0003819743138613453,4.441665678081452e-05,3.4166784564697856,0.18894788016569153,3.84e-06,1562.5000000000002,1639.344262295082,3.66e-06,1.68e-06,2.0000000000000063e-07,2.5400000000000002e-06,5.1501386379749005e-14,8.197095237574584e-10,0.0001270059823856268,6.264841110184649e-09,0.3848716511174832,4.571381681114629,2.292993168338281,6.261363955979286,4.303534950264384,0.5994410813129818,0.7194087066995541,0.0002622343033555672,1.7288702065447645e-05,0.8805513016845329,1.5693074416851157e-05,1.1102603369065849,1.4494925978766162e-05,0.22970903522205205,1.4397803168574238e-05,0.1914241960183767,1.5063632626615947e-05,0.4594180704441041,1.3679758516585287e-05,0.6508422664624809,1.2571301306432685e-05,1.082659777440768,1.101162093409088,0.28397412007737677,0.2931257238227252,0.050397893664951225,0.04638794744186498,0.9424834170666565,0.9514187291801625,1.3763958623677481e-06,1.0719737604493008e-06,0.494739969608294,0.4787109418928911,0.05397929013632733,0.05193078867455511,0.9649643133261405,0.8546699855812833,1.095761167570123e-06,9.895476553877878e-07,0.6519374108947189,0.6727850950940101,0.04460118777638511,0.0496675746760245,0.8260284895847986,0.9588129812129996,9.817657252120923e-07,1.2715581786280658e-06,0.8909982378596517,0.9076123899982637,0.054680109176104094,0.062361211764191286,0.960257970885936,0.9915875654188049,2.2013604642828835e-06,1.6885187838211655e-06,1.1400979463063998,1.1392117505249744,0.061678603060924826,0.07982013941833811,0.9501134730513675,0.991663260308128,2.5627817294746327e-06,2.0570320746272737e-06
Low_C4_P3_05,C4,P3,05,Low,Low_SCS.xlsx,439.72,27.94,43.78,0.73,27.55,20.784129409053634,14.599463048891552,0.00244416929353305,0.0055371795619791695,0.002216261994771177,237.15822076088617,-7.947152140150712,3.76e-06,0.00015442353056018985,0.00029362189452417846,4.250145024068558e-05,1.3574416091761297,0.3215901104927501,3.16e-06,1898.7341772151901,2127.659574468085,2.82e-06,1.8600000000000002e-06,1.5999999999999974e-07,2.296e-05,4.6473628066715285e-14,8.235139073986503e-10,0.0001516539283655735,5.368258084182587e-09,0.4777869729176652,4.555391187100295,2.5001107810614216,6.241457682578299,4.630292697480972,0.5997132178212664,0.7239230113858385,0.000261181186923427,1.5579248115001083e-05,0.30627871362940273,1.812228855399361e-05,0.6508422664624809,1.4345200358111237e-05,0.9188361408882082,1.3046201386204266e-05,0.4594180704441041,1.650634128357642e-05,0.6508422664624809,1.1777568292869314e-05,0.30627871362940273,1.0885320992098324e-05,1.2632996987349143,1.4015066159339113,0.27872413449516187,0.3116310907503978,0.03885631798519438,0.05244420609303029,0.8040183191354615,0.8996763494138728,1.4192349462062722e-06,9.525281874928759e-07,0.49342737411902027,0.4861456559388453,0.050611231848602486,0.03552395258456414,0.9891614430853295,0.8150672525453658,1.5760170571875602e-06,1.4794392114510614e-06,0.6586025462096882,0.6821071707474342,0.04452358866755676,0.04742972682191007,0.8513302240863078,0.9687236648515745,1.1879315514173578e-06,1.3592139104131218e-06,0.8964485530210975,0.8950946503731116,0.05982493135903106,0.07148049144436781,0.9867277669331999,0.9793824650462929,2.0504194498132224e-06,1.1538309933824457e-06,1.1798919020039593,1.1331841352119139,0.06342335360311842,0.07511673112386533,0.9278730071585842,0.9871955195940968,1.7442695820550452e-06,1.0282109145888357e-06
Low_C4_P3_10,C4,P3,10,Low,Low_SCS.xlsx,439.72,27.94,43.78,0.73,27.55,22.134044544114957,17.859440904115225,0.00241178226883985,0.00549778091338332,0.002217553919876191,279.4699917192459,-9.155105009362382,3.66e-06,0.00016604321601730351,0.0002966074667999486,3.559347271179252e-05,4.370706363395493,-0.22262405947902095,3.08e-06,1948.051948051948,2097.902097902098,2.86e-06,1.82e-06,2.000000000000002e-07,2.6200000000000003e-06,3.308025860627743e-14,6.388467818298947e-10,0.00010050151619466302,5.6744772451739016e-09,0.46234640587870823,4.587292644781195,1.8984311282671025,6.271252087589306,3.6152361788364384,0.5974825753005589,0.7052679316792247,0.0002587117489712333,1.3705022180531436e-05,0.30627871362940273,1.563398690431195e-05,0.6508422664624809,1.4336007827787707e-05,0.9188361408882082,1.3730313207911296e-05,0.15313935681470137,2.061073121791201e-05,0.6508422664624809,1.1961793648897598e-05,0.4594180704441041,1.0810949394291729e-05,1.0905397096302252,1.7230467352832797,0.2868439901802833,0.30379178492865017,0.04677635650183632,0.0549996468910954,0.9172212228162608,0.9423256206102852,1.4795148068841115e-06,1.1391298480791428e-06,0.49289625057745046,0.4860920447726898,0.05391789140024895,0.04481297582495947,0.9958124612233847,0.9460169376064547,1.2792755942993746e-06,1.2321601232495411e-06,0.6633099025554229,0.6824619539943578,0.04557905537634309,0.04586138522176773,0.8551287741744377,0.951351594163128,1.1070328361888028e-06,1.2838033814819581e-06,0.8945974496008969,0.8998054833236366,0.059954254720927455,0.06882886946788379,0.9870114561473441,0.9933857878261801,2.096954555158285e-06,1.3347245338231513e-06,1.1762560389829735,1.1237805033881687,0.06208337555591032,0.07093646221299306,0.9052162673040332,0.9563788140424043,1.5890361351928493e-06,1.0432831372725885e-06
Low_C4_P4_05,C4,P4,05,Low,Low_SCS.xlsx,439.72,27.94,43.78,0.73,27.55,24.002737138041756,24.642052293005033,0.00260243166162146,0.00550212144246591,0.0023281393846354,277.64322484281104,-8.812108365106456,4.16e-06,0.00022319598502145772,0.00036687084413026736,3.5277151879869515e-05,12.907604845142496,1.7639030481281779,4.2e-06,1428.5714285714287,1538.4615384615386,3.9e-06,7.399999999999997e-07,2.2000000000000043e-07,8.199999999999998e-07,3.249821794491974e-14,5.477060733329652e-10,6.697759449220136e-05,3.790756713165153e-09,0.4033664866478947,4.387392880148027,1.602131178529377,6.1341446161483075,2.8135261919127146,0.5877488587812055,0.6843288006922763,0.00026472685318538444,1.3674040546897933e-05,0.5359877488514548,1.866104751746902e-05,1.0336906584992342,1.5835605659660137e-05,1.2633996937212861,1.3971095720434372e-05,0.5359877488514548,1.3970284117446856e-05,0.8422664624808575,1.0985805022496695e-05,1.1102603369065849,1.0653523453252358e-05,1.1784232785351039,1.2716667387753395,0.30416060544223056,0.3167893231503623,0.056240250925129145,0.06259211812427314,0.9872742039214742,0.9150450646176216,1.3244698107206295e-06,6.518001504283401e-07,0.5083177957304249,0.5002212485523504,0.05261616677806168,0.058450151115895854,0.9675406675735869,0.9688197304907078,1.8340186723825532e-06,1.5836726601753857e-06,0.7067757474521883,0.6802430505797047,0.05379502131193119,0.05378333899634786,0.9590686951142642,0.9910804540230537,1.1707738808490512e-06,1.2217414679936125e-06,0.8939322042780423,0.8994511125016094,0.07592518930336764,0.06360579098358088,0.895531110415101,0.9916737373649478,1.5746719528418667e-06,1.685191746745062e-06,1.138675941492005,1.1342290192797566,0.0881109490283567,0.07238705599845825,0.9208956042967724,0.9847645821035044,2.187863624211527e-06,1.7737107659152554e-06
Low_C4_P4_10,C4,P4,10,Low,Low_SCS.xlsx,439.72,27.94,43.78,0.73,27.55,22.9105841668814,19.14940417260157,0.00259708947198134,0.00547273939944529,0.0023247477258677273,276.46355266909615,-8.86507974963154,4.2e-06,0.00019731762468271045,0.0003622651803256361,3.863587661659696e-05,6.529670911611703,0.5559087597482427,4.18e-06,1435.4066985645934,1522.8426395939084,3.94e-06,2.6800000000000006e-06,2.2000000000000043e-07,2.6e-06,3.883922475758398e-14,6.656332433884246e-10,7.995841223518872e-05,3.603539911887431e-09,0.40665025575667524,4.417199017546538,1.3876161339146031,6.190996738842662,2.486696680516007,0.5875911968700158,0.6702407664588849,0.0002637826291540424,1.446785191497119e-05,0.57427258805513,1.7139235384218776e-05,1.0719754977029097,1.6732879154470142e-05,0.1914241960183767,1.5511668325609892e-05,0.15313935681470137,1.649314572588236e-05,0.57427258805513,1.629566394007068e-05,0.42113323124042873,1.2371488454126854e-05,1.0242848347682738,1.0121186086322922,0.3075100909788616,0.3148095854571734,0.05845064246694333,0.059434570654004815,0.9731564117081345,0.9477090065194623,1.281116606299925e-06,9.242779741691801e-07,0.5151681651947189,0.5072459512124472,0.05332632058168793,0.06003309626035968,0.958993401378681,0.9552770827998702,1.751682050801032e-06,1.4739451776112514e-06,0.7061244718489584,0.6788505640423398,0.05412476541414952,0.05433624089236761,0.947349835557036,0.9724803647335497,1.1924268517694787e-06,1.1745487297740486e-06,0.8962137951095284,0.9041277808663684,0.07925581236077822,0.06597499224614642,0.8727255453581994,0.9966296398627812,1.3789419028249857e-06,1.504995472067968e-06,1.136537099795089,1.1327589955837019,0.0886861316251658,0.07367460083173688,0.9099111773056445,0.9811478810704756,2.132972358870937e-06,1.781440475518969e-06
Low_C4_P5_05,C4,P5,05,Low,Low_SCS.xlsx,439.72,27.94,43.78,0.73,27.55,19.3960800099363,15.382893972068896,0.00248189850786636,0.00549911646079336,0.0022603063056505857,271.2419564935586,-8.995243720257085,3.58e-06,0.0001626285714218691,0.0003229283314831049,4.3167164807953257e-05,2.0815700206326424,0.3893089744277159,3.12e-06,1923.076923076923,2083.3333333333335,2.88e-06,1.8e-06,1.6000000000000016e-07,2.58e-06,4.8573648148118557e-14,8.449747626237961e-10,0.00011118056501137569,4.977147413151548e-09,0.4481348399022382,4.511399715348778,1.8545856705684485,6.22705047950656,3.6952553915589372,0.5958464843695436,0.6869362294786177,0.00026266871307799604,1.545133547974569e-05,0.6508422664624809,2.028911591831185e-05,1.14854517611026,1.766447772584221e-05,0.8805513016845329,1.7538963079107393e-05,0.6891271056661561,2.0131909096765604e-05,1.1102603369065849,1.2101207984760338e-05,0.49770290964777947,1.0902620323545513e-05,1.148582770723369,1.6636279170220705,0.2845889334693334,0.29214846617561174,0.05261305683913254,0.05207920656766324,0.8543817901526263,0.9516706907786391,1.0621121857897225e-06,1.0152218143741903e-06,0.5054671834839787,0.4894572109762249,0.04557649063340239,0.046065222291925084,0.9444425231002961,0.9502991100568977,1.2042289041014941e-06,1.1556758752288804e-06,0.6782038875318327,0.6858993890636838,0.047928093127587015,0.042156864865804014,0.9505222981432787,0.9240985143813669,2.0235940434844555e-06,2.0664365635325216e-06,0.9004878284565122,0.8880285364900383,0.05781293829601483,0.05956942124234708,0.9686917291732554,0.9553245942131933,2.2082632916217104e-06,1.2581392890243545e-06,1.1709082477955024,1.126667645475348,0.06188602589810119,0.06720765654583957,0.8977923038253957,0.943425504536559,2.2515317915421402e-06,1.7252653571773971e-06
Low_C4_P5_10,C4,P5,10,Low,Low_SCS.xlsx,439.72,27.94,43.78,0.73,27.55,20.709318594897553,15.07701570274679,0.0025025994927218,0.005509133066368551,0.0022425343926679472,257.47103742893535,-8.61715812504,3.64e-06,0.00018973683414439828,0.0003632946175142176,4.62293904049514e-05,2.7980150712410667,0.47147157227057707,3.6e-06,1666.6666666666667,1744.1860465116279,3.44e-06,1.86e-06,2.9999999999999967e-07,6.000000000000001e-06,5.5772876472350124e-14,8.745603424172193e-10,0.00013857810320099548,8.7380792786439e-09,0.4726680894870548,4.530668873848661,2.365351341485746,6.226309569531537,4.424569089355777,0.5998024116765485,0.7225395596598116,0.0002637318465912818,1.7849117178661923e-05,0.6508422664624809,2.1748331252818235e-05,1.14854517611026,1.650064079285497e-05,0.8805513016845329,1.5512758672265524e-05,0.6891271056661561,1.972618163757774e-05,1.1102603369065849,1.2279709260976397e-05,0.49770290964777947,1.1576105702303775e-05,1.31802941520951,1.6064044849873562,0.2840411346381158,0.2993986579977784,0.050497531716721,0.05468790169827908,0.8735788919947025,0.9722074714412892,1.1836358932593198e-06,1.0148151148081603e-06,0.5038572069830415,0.4892313464846478,0.045559233748857654,0.046771539055522345,0.9574725160931071,0.9576276477959424,1.0922585745157895e-06,1.1826131409429138e-06,0.6697334433302707,0.6777826173197135,0.047412846546512545,0.04401870267399414,0.928166958642744,0.9387745302242638,2.079983662445033e-06,2.123059695004203e-06,0.9025737581425701,0.8908500242146233,0.06063710440008956,0.06573608320140446,0.9767937891650809,0.9858183606670277,2.19168900794804e-06,1.3260654827019631e-06,1.1672443766266785,1.1236129739025755,0.06336874789842444,0.06695013241370754,0.9335800262177336,0.9574673158803064,2.3521290981985684e-06,1.8960365054393195e-06
Low_C13_P1_05,C13,P1,05,Low,Low_SCS.xlsx,334.714,15.59,40.61,14.42,29.38,21.054659146861464,22.230604724013148,0.00230594013659507,0.00617690677138293,0.0020608400844856047,160.95015281621193,-1.159522074962466,8.38e-06,0.00016727534518797796,0.00032034452961200125,5.833928662912228e-05,0.48678679577613826,0.03067327599350129,6.96e-06,862.0689655172414,923.0769230769232,6.5e-06,5.680000000000001e-06,4.5999999999999983e-07,1.7100000000000002e-05,8.544833313449302e-14,1.1231254969721164e-09,0.00017873927801574272,1.0870910277626202e-08,0.5688393397057518,5.359276133419404,2.55187138551981,7.333515670465143,4.860546005698981,0.6473788797142652,0.7071956455019126,0.00027934990617206834,1.9021706670978458e-05,0.3828483920367534,2.841997948255856e-05,0.1914241960183767,2.4783997972844452e-05,1.5313935681470137,2.2624611097990454e-05,0.1914241960183767,2.9307567437351652e-05,0.4594180704441041,2.037439987954614e-05,1.8759571209800918,3.907045337510474e-06,1.146706772934344,1.438450514968198,0.3220631775116087,0.3232507655415053,0.05576927328565569,0.04739497362783003,0.8870823394033215,0.9547941825528429,2.4183434724955045e-06,2.2657651059193216e-06,0.48486491085327754,0.48732974295827153,0.0452753181221376,0.05250955651272141,0.9134428419480503,0.9824226338340785,2.55299031756941e-06,2.5746725343435902e-06,0.669538869266988,0.659438454565189,0.058387043571032485,0.05011251556589734,0.9252411872129224,0.893437042945032,1.1767229506235057e-06,5.739454401762555e-07,0.9106795797063817,0.8916184686921896,0.0669614996112898,0.053264274261359754,0.9751167257595275,0.9128599830743341,1.2249589509127342e-06,4.3765182565390224e-07,1.1641139340502464,1.1617022689157148,0.07608141587106457,0.0766352023011836,0.9885895223998141,0.9567648370334778,2.9810546913292504e-06,4.753774280710437e-07
Low_C13_P1_10,C13,P1,10,Low,Low_SCS.xlsx,334.714,15.59,40.61,14.42,29.38,20.133080446956427,21.730316572126377,0.00233465440591069,0.00630244822792565,0.0021153768732156686,174.2482445145636,-1.500226777541031,8.28e-06,0.00016140218755307666,0.0003166559585480759,5.602838599175014e-05,0.8636432133456586,-0.18961057760981023,6.98e-06,859.5988538681949,940.4388714733543,6.38e-06,5.680000000000001e-06,3.5999999999999994e-07,1.696e-05,7.998540102409402e-14,1.0399602237579325e-09,0.0001900055377416536,7.167666459494783e-09,0.5779675665747089,5.303496473432188,2.3735399499854277,7.286999115981723,4.684255954354802,0.6430082861417915,0.6939894356523642,0.0002823522771823206,1.7826301564768554e-05,0.49770290964777947,2.9030378680482074e-05,0.15313935681470137,2.6925545304062837e-05,1.684532924961715,2.2628616693882132e-05,0.1914241960183767,3.041716154485249e-05,0.49770290964777947,2.052751156663965e-05,0.34456355283307805,1.716812848494557e-05,1.078172318312503,1.4817753220760432,0.3236233084072938,0.3166007470625627,0.05447630213214688,0.051254885996672606,0.8557469164816219,0.9852913387591093,2.268227104424749e-06,2.2453754614598724e-06,0.48450593250573254,0.4873560922468316,0.04504286264991031,0.05186123314807891,0.9076808229237925,0.9648868594082761,2.411323674703754e-06,2.417881484280322e-06,0.6676644179870757,0.6670843517493643,0.05342412226449902,0.04634185351648212,0.909586889560745,0.9310290009144574,1.276384704704422e-06,7.139482518329187e-07,0.9056587831187942,0.9093530514766709,0.06989979016732273,0.04898380310775329,0.9833005273552814,0.9133314034983567,1.0452131585798517e-06,4.940355341032565e-07,1.162212007857727,1.1199851768446802,0.07378222621649573,0.062427815080472356,0.9899676692203826,0.8527218169637575,3.104905110019572e-06,3.116518511094518e-07
Low_C13_P2_05,C13,P2,05,Low,Low_SCS.xlsx,334.714,15.59,40.61,14.42,29.38,20.05844718446052,19.907350016345983,0.00232664112145052,0.006273066184905,0.0021087451582286754,208.34042115679225,-1.011545394911283,9.12e-06,0.00016505087250019975,0.0003113737496887583,4.864974014163856e-05,2.5310930280513224,0.4968359437571536,8.9e-06,674.1573033707866,707.5471698113207,8.48e-06,7.620000000000001e-06,3.200000000000003e-07,1.042e-05,5.931909218130254e-14,8.32119681566709e-10,6.546603070378436e-05,7.30753741678299e-09,0.5797548954591116,5.291071226313433,2.1942660030832406,7.308806016462659,4.309707227330663,0.6395021183139236,0.6876848018568832,0.00027708404973989073,1.565713524690208e-05,0.34456355283307805,3.7658777509975366e-05,0.57427258805513,2.5123002789552528e-05,2.3736600306278715,1.812752829246495e-05,0.42113323124042873,2.420438043304778e-05,0.1914241960183767,1.2324094665853416e-05,0.6508422664624809,3.1450706520656404e-06,1.4989759116955543,1.9639883598202887,0.3227731089143231,0.32156932386752374,0.04923388940997886,0.04833983037392106,0.9354930210422108,0.9631097929632774,3.2502455676197e-06,2.7858346357536307e-06,0.4973623717440893,0.48447379628906867,0.05424022168081433,0.05162990684607577,0.9800539817609305,0.9779591050906091,3.63643403647025e-06,2.751279915273022e-06,0.688690350968982,0.6879855942654455,0.05290547867492794,0.05451690209796523,0.9978271694905034,0.9992910602257336,1.943489386611485e-06,4.599161460406259e-07,0.8948548341679651,0.8886916863741735,0.06457432684046893,0.0670891288770043,0.9944578013066239,0.9459662826056379,2.0009512062480267e-06,3.3498540077095234e-07,1.1527720930116852,1.1389992015763468,0.07632696610442873,0.06872224924658528,0.9948155303767051,0.9383070890926108,1.973234478987886e-06,4.2531348989192023e-07
Low_C13_P2_10,C13,P2,10,Low,Low_SCS.xlsx,334.714,15.59,40.61,14.42,29.38,20.468747870596466,17.92776263746835,0.00239809290788705,0.00626572067414985,0.002159111377947882,205.69143967041316,-0.9119431070711108,9.12e-06,0.00017006333125636403,0.0003056376207589196,5.0751151429401566e-05,2.09597784794786,0.6566972810108169,9.12e-06,657.8947368421052,709.2198581560284,8.46e-06,7.64e-06,3.5999999999999994e-07,1.04e-05,6.457581575593322e-14,9.223464575141543e-10,9.688605099127488e-05,1.3157108027034e-08,0.5683033628958815,5.284977849955333,2.56155939756183,7.327690804657246,4.804848093252613,0.6347396228017961,0.7044679593692538,0.0002795238011055186,1.6684142805172586e-05,0.4594180704441041,3.602583080154417e-05,0.2679938744257274,2.0102395493532165e-05,2.4119448698315464,1.9036306189189893e-05,0.42113323124042873,2.6415735850977506e-05,0.1914241960183767,1.934058939343859e-05,0.9571209800918835,4.1130383506582825e-06,1.7921162192346214,1.3658184840075618,0.3200236122799377,0.3188041103866933,0.04734473101430682,0.046706747540149064,0.9460427566426913,0.9585438809812782,3.3358362982952626e-06,2.6467323472251847e-06,0.494237419123027,0.4787618530742988,0.054099699780636466,0.04949905426120211,0.9712031211072765,0.9555043137271787,3.544076170684975e-06,2.7521424247259314e-06,0.6887672667634994,0.6915745100699336,0.052958240003595766,0.053458425399294456,0.9980372843053757,0.9522450354690887,2.1473490977040596e-06,3.262347960449104e-07,0.8897114856314191,0.9119734688035265,0.06597983171495247,0.052444929513473175,0.9885762081155688,0.9034549805042629,1.7475267796612929e-06,5.094494809860498e-07,1.1477402880051317,1.1592305236864144,0.07559089626416583,0.08572759932672626,0.9988209873671164,0.9185205588853135,1.8038430837510856e-06,3.0165912072986224e-07
Low_C13_P3_05,C13,P3,05,Low,Low_SCS.xlsx,334.714,15.59,40.61,14.42,29.38,23.78602060449074,24.402423822275292,0.00254633867040025,0.0062567057291321605,0.002167863092719235,151.8457561268265,-0.742670801133344,7.84e-06,0.0003077253138087842,0.0005623160721719327,7.304801431022978e-05,4.355918098890787,0.6598699361657677,7.88e-06,761.4213197969542,810.8108108108108,7.4e-06,6.5800000000000005e-06,4.4000000000000087e-07,2.5199999999999996e-06,1.3767860560526366e-13,1.2232196431480206e-09,0.0001502450942688758,9.895380309521525e-09,0.5665925735708941,5.162878808242473,2.164639416781003,7.2386879821071695,4.370306738714439,0.638091799310295,0.6794365218953856,0.00028559055019840063,2.285686066041575e-05,0.3828483920367534,5.264749773238788e-05,0.22970903522205205,2.2747892869187817e-05,0.6508422664624809,2.261176808309598e-05,0.3828483920367534,4.54913980036556e-05,0.1914241960183767,1.7458325949972818e-05,0.8805513016845329,4.242629467501544e-06,2.3143899841953846,2.6057134875530803,0.32056148705010407,0.3272083123908967,0.05840428730922569,0.053749332138233935,0.9241634211383951,0.9397464741324633,3.7350016551590258e-06,3.551999325743096e-06,0.4852705190956313,0.48476398053529757,0.05057579394072238,0.05150652291725146,0.9635721552379075,0.9781359667924929,4.465491786969704e-06,4.27110214244008e-06,0.6727368978966467,0.6677284226157445,0.048378977444325746,0.04779879888497431,0.8828099006906635,0.9425405774591937,1.9086148174566364e-06,1.5568489873136798e-06,0.8983665750653228,0.903724805420376,0.06743516830579221,0.05888269498199749,0.9843053434700836,0.9166851433381414,1.1323761439545082e-06,4.649580163914185e-07,1.1663243142996846,1.1486930151296524,0.0730948282277669,0.0793273171317798,0.9843206464912314,0.9214389803914204,2.650131280229837e-06,4.804617207972377e-07
Low_C13_P3_10,C13,P3,10,Low,Low_SCS.xlsx,334.714,15.59,40.61,14.42,29.38,23.308736438753286,21.346905017522456,0.00254133036761264,0.006198609416795909,0.0021880966912142456,155.20613811731943,-0.7522311968059822,7.92e-06,0.00029530777191156247,0.0005364198032625498,7.393688112836749e-05,3.7967550640746133,0.591804481935707,7.88e-06,761.4213197969542,813.0081300813009,7.38e-06,6.5800000000000005e-06,4.0000000000000125e-07,3.7399999999999998e-06,1.4025126337065942e-13,1.27445724806552e-09,0.00015185228507751727,9.37725512602944e-09,0.5884717552431784,5.091513214277977,2.0114963716125547,7.210608371831332,4.160950354990778,0.6315895045592097,0.6660992419483864,0.00028349727521957387,2.2505094484658333e-05,0.3828483920367534,5.1941124961492444e-05,0.5359877488514548,3.2573405887490774e-05,0.22970903522205205,2.3838871675730854e-05,0.3828483920367534,4.511142703453975e-05,0.1914241960183767,2.444232348543021e-05,0.8805513016845329,3.895720532156221e-06,1.5945868094454525,1.8456275327426472,0.3200518135234934,0.3249437615362981,0.058933407152467254,0.05433202107875099,0.9182384605637403,0.9453211163428379,3.6366477695934482e-06,3.641316589254757e-06,0.4822509422272136,0.48334813987386327,0.050435753775200036,0.05133600512885617,0.9524348031385901,0.9753106893085526,4.456960986095875e-06,4.371800016880042e-06,0.672748274139863,0.6688581046299668,0.04903121454454687,0.04884281062229267,0.9107974875016828,0.9496025927789676,1.7325349391079308e-06,1.3841655266404716e-06,0.9053284589749666,0.8916983336011512,0.06934896376796623,0.05352335264293021,0.9805995204751204,0.8745369133585161,1.053994722437936e-06,4.073020056770304e-07,1.1599444693349772,1.1207339295675072,0.0748832391965921,0.0785313469755428,0.992660374070914,0.875833128303862,2.6761142174250707e-06,3.589442696511777e-07
Low_C13_P4_05,C13,P4,05,Low,Low_SCS.xlsx,334.714,15.59,40.61,14.42,29.38,20.805083949292566,22.565382635298707,0.00240143177641213,0.006291096074940401,0.002115670895127071,193.1081759421909,-0.5403529894643245,7.96e-06,0.00021686029409154862,0.0003619709867203182,5.1709120013734386e-05,3.706405218751337,0.9599805589078123,7.9e-06,759.493670886076,797.8723404255319,7.52e-06,6.66e-06,5.399999999999999e-07,7.84e-06,6.444311422846854e-14,8.625002991441222e-10,0.00012076600008483835,8.067344858118295e-09,0.5581968294636046,5.3486275625458255,2.3082332187604733,7.328216060038195,4.451040281423552,0.6406315467975753,0.7015932523599125,0.0002795798515303677,1.7747919009579287e-05,0.49770290964777947,3.584578598180509e-05,0.2679938744257274,2.6218117779106934e-05,0.6508422664624809,2.2311714778692384e-05,0.49770290964777947,2.6081744691546424e-05,0.30627871362940273,1.758816465285411e-05,0.6891271056661561,9.658569789270267e-06,1.3672142644486907,1.4829144327119765,0.31812697466591283,0.3241654438776626,0.05689001445881086,0.04924510724469136,0.943432248775776,0.9475552407544997,2.933164619539905e-06,2.150967200878823e-06,0.48882773216629444,0.49606792201129923,0.047781635833652254,0.051460933186610366,0.8941900006873064,0.9812039859043701,3.337299639088416e-06,3.1072909212772024e-06,0.6768644228524909,0.659625845108622,0.05397571401407199,0.04365572444943458,0.9758311814538334,0.8753958956874701,2.401112695616084e-06,1.1023913700861846e-06,0.8935578123609099,0.8987138592104088,0.06515245210517893,0.06685771847763565,0.9945552334434427,0.8989805131090046,1.8592980315387592e-06,3.3120522583968335e-07,1.1534001046562492,1.133858023880963,0.07445948880235806,0.07450504637772243,0.9950781060562722,0.9726046363133524,2.0199412823208327e-06,4.2394604709293724e-07
Low_C13_P4_10,C13,P4,10,Low,Low_SCS.xlsx,334.714,15.59,40.61,14.42,29.38,20.01461380589245,25.60783588789406,0.00237939524414665,0.00624201470762185,0.0021304315914229114,201.9445261462563,-1.020372591392678,8e-06,0.00021309336875564153,0.0003657279978863127,4.961084261391898e-05,4.934106637995222,0.8200397930991917,8.02e-06,748.1296758104738,800.0,7.5e-06,6.720000000000001e-06,3.7999999999999975e-07,7.96e-06,6.077472904649789e-14,7.71254987117734e-10,0.00010211716570469398,6.99425264340807e-09,0.5508340894805344,5.3862972938548905,2.6237073366337875,7.348710015783282,4.882155618060889,0.6398584899230164,0.7133646128672945,0.0002797392575786866,1.722456085952928e-05,0.49770290964777947,3.558526513505244e-05,0.6508422664624809,2.24899195194285e-05,0.2679938744257274,1.916434989347035e-05,0.49770290964777947,2.500371184412344e-05,0.30627871362940273,1.970382908019472e-05,0.8422664624808575,4.561209204612197e-06,1.5822761625285064,1.2689772365249885,0.3214669448728064,0.32684444547707125,0.05759345064892963,0.0502616579401356,0.9489462747253192,0.9350797515573263,2.742543511496586e-06,2.1515544814314763e-06,0.4903582281111028,0.49425356469359266,0.04795163621755772,0.052612841041953406,0.913028747826845,0.9900375400757895,3.4779082822772487e-06,3.2515677283817478e-06,0.679626228740034,0.6635229025940753,0.05455801449607869,0.047575686890321295,0.9775327856289878,0.9145376430323344,2.36061990474514e-06,1.0148827180494174e-06,0.8980275236905921,0.8764500770628749,0.06871075613227495,0.05280131690528571,0.9905008834412137,0.8998433473433538,1.7245535104227741e-06,4.76776486492664e-07,1.1532455065969662,1.1683914783495204,0.07835556320884454,0.07516352669340914,0.9966276375117773,0.967060550326264,1.6839702749549026e-06,4.923226437223777e-07
Low_C13_P5_05,C13,P5,05,Low,Low_SCS.xlsx,334.714,15.59,40.61,14.42,29.38,19.774937452880067,25.33101870812605,0.00232430391348296,0.00633249804465129,0.002089150894312797,183.07416342262846,-0.5914298504303648,8.54e-06,0.00019092693130177177,0.0003434622740742428,5.113899707017744e-05,2.964762838780386,0.8217644643159151,8.26e-06,726.3922518159806,775.1937984496124,7.74e-06,6.96e-06,3.4000000000000013e-07,8.98e-06,6.352573663268444e-14,8.823918442145588e-10,0.00010036092785818312,5.706570985778552e-09,0.5426999587556413,5.297964095003971,2.687311510747463,7.268589130463551,4.965781266196515,0.645333925572892,0.7141618946651808,0.00028093575539220685,1.7355919628241355e-05,0.49770290964777947,3.079701235422818e-05,1.684532924961715,2.4625713412066156e-05,0.22970903522205205,2.3557869634798046e-05,0.4594180704441041,2.6305275257936537e-05,0.30627871362940273,2.286395005118981e-05,0.9188361408882082,4.643975483346873e-06,1.250603813513658,1.1505131024398185,0.31034142374681684,0.3176706559612048,0.060042595677127455,0.051128714484574886,0.9710041804815499,0.9477790046249092,2.7750749456933235e-06,2.2291630483780676e-06,0.49224294825850073,0.49298510748096874,0.04735357735453002,0.0495027016560878,0.9632160725514975,0.9806175299196644,3.0329034495441377e-06,3.0134791297793157e-06,0.6687331131751504,0.6590046495810723,0.057352041953952944,0.04963314434064361,0.9301025881486348,0.865937230685291,1.061783302179839e-06,4.2994975565623557e-07,0.9202966403937705,0.8938696559191589,0.06341377228994682,0.06372159858120527,0.9707252274143243,0.88870028893232,1.3105699483374169e-06,4.099184625743295e-07,1.158616053058976,1.1296660747173661,0.0754377734261601,0.07806674232661091,0.9952475105621821,0.9467327385732192,3.338071292103486e-06,3.5265632219740837e-07
Low_C13_P5_10,C13,P5,10,Low,Low_SCS.xlsx,334.714,15.59,40.61,14.42,29.38,20.44152678164114,22.266936247190642,0.00234834376686348,0.00630311600163066,0.0020728912468607665,193.11657110613854,-1.4284386775983187,8.2e-06,0.00020741518059891085,0.0003583827830316054,5.0371885959253256e-05,3.9749011169003676,1.0099232316911633,8.22e-06,729.9270072992701,781.2500000000001,7.68e-06,6.96e-06,6.200000000000008e-07,7.499999999999999e-06,6.088795433240061e-14,8.363971364487946e-10,0.00011318589500673685,8.442572756296348e-09,0.5680383240681495,5.367678080343695,2.191318140348869,7.319397998804577,4.359419690477947,0.6470463727259864,0.6904942308598033,0.00027944884700568245,1.6431859084809732e-05,0.3828483920367534,2.9031740952239838e-05,1.6079632465543643,2.408026548367349e-05,1.914241960183767,2.1756165041019645e-05,0.4594180704441041,2.470443180724718e-05,0.30627871362940273,2.3401640973017574e-05,0.7274119448698315,4.603456772068846e-06,1.2056237405812542,1.055670872827289,0.31577349500561985,0.3225722708844236,0.059034702613301036,0.050411690147572616,0.9705949106773296,0.903550532538189,2.6248034756286135e-06,2.1401233521519565e-06,0.4894662888580773,0.49305926822484536,0.04640580418613257,0.049325903019639905,0.9568940710631415,0.9806276754182731,2.7953871243753858e-06,2.8360592938960676e-06,0.6671013692040871,0.6711630544227756,0.05529839075220115,0.0496114821240372,0.9161882393429294,0.940273590907161,9.738186401026246e-07,6.098590532922246e-07,0.9169495025034431,0.8797655902279078,0.062188909064182646,0.06558382081240047,0.9624469023202846,0.9341044451945064,1.1767610653484003e-06,4.5488867559803817e-07,1.1609039763260522,1.1397885377987795,0.07608337706492338,0.08054397164299205,0.9919373390779365,0.9356260506400662,3.2233993807842888e-06,3.852418564689362e-07
Low_C14_P1_05,C14,P1,05,Low,Low_SCS.xlsx,339.829,13.09,46.52,9.16,31.23,21.21305434322398,25.306462722211343,0.00251294998514953,0.0032961310079509497,0.002238979993536693,53.22684764153384,2.9657558569202958,8.04e-06,0.0002145364081159588,0.00040490738238011794,5.9254074783519525e-05,2.857915313473649,0.5660812527803903,7.96e-06,753.7688442211055,795.7559681697613,7.54e-06,6.6799999999999996e-06,3.1999999999999863e-07,1.088e-05,8.559897714258721e-14,9.985463411678616e-10,0.00013987129440199358,9.153651740921404e-09,0.5646490041878697,5.119775756036738,2.507821321273026,8.07429778071075,4.830175074089372,0.5516077028360703,0.7016572253565622,0.00023732041615592866,1.9624583654864982e-05,0.49770290964777947,3.634792218967425e-05,0.22970903522205205,3.1468168591421006e-05,1.454823889739663,2.6332104371212676e-05,0.30627871362940273,2.6848638290226227e-05,0.49770290964777947,2.6142991200792886e-05,0.15313935681470137,1.4264509123242803e-05,1.1550694769225973,1.0269917874745775,0.3100550466031156,0.3100497037563726,0.06029368336162599,0.054963736463243734,0.9633285516885269,0.9482658863851225,3.6282681317901676e-06,2.735081388085507e-06,0.4926312757756024,0.5009320803674943,0.04684235585954958,0.049958796733389564,0.9212745877949543,0.9786503194456284,3.443565349082495e-06,3.289312963457077e-06,0.670434244913012,0.6611533875798193,0.05726832293110068,0.047461938187379024,0.9240062059856162,0.9035280052487611,1.8946640753507147e-06,9.543516124050543e-07,0.9139998612351602,0.8975415332920259,0.06310405946403913,0.07857269219522006,0.9858970596572788,0.9178648936704271,2.0749209545267323e-06,3.7166913192354164e-07,1.1581079354937656,1.1418794675075645,0.07532300244288066,0.07898120930867147,0.9951102833831778,0.9808149051789538,4.49076174171115e-06,4.5433067000192564e-07
Low_C14_P1_10,C14,P1,10,Low,Low_SCS.xlsx,339.829,13.09,46.52,9.16,31.23,20.46757688792914,24.506884256117285,0.0025162888536746,0.0033412057330394224,0.0022624504355961456,51.1066714884904,2.8955201341275245,8.1e-06,0.00020724709762460675,0.0003766103963787917,6.313163623770235e-05,1.5450633228181525,0.6926173419176719,8.1e-06,740.7407407407408,797.8723404255319,7.52e-06,6.66e-06,3.3999999999999844e-07,1.096e-05,9.674419958715439e-14,1.136840157952773e-09,0.00013123226476842594,1.3645976767362136e-08,0.5632001307350366,5.203764653589951,2.5971920302582174,8.127983498329842,4.934109482770451,0.5539671516239871,0.7058890796991314,0.00024101648935499653,2.089951044682722e-05,0.3828483920367534,3.338464221933909e-05,0.22970903522205205,3.1924526175050926e-05,1.339969372128637,2.5924826751010047e-05,0.4594180704441041,2.663275738370732e-05,0.30627871362940273,2.4161793893650212e-05,0.15313935681470137,1.7981299047429312e-05,1.0457364657675883,1.1022673398616791,0.30619719304498655,0.30657929950013196,0.05991801685899921,0.0540610564328957,0.9571241869898541,0.9843616876779099,3.680005083188077e-06,2.9023622113705e-06,0.4892923365573773,0.49853228492113916,0.04848368264005809,0.05166618942920648,0.9378196832823233,0.9853782299145569,3.2466650690114053e-06,3.0900080002540513e-06,0.6723262767038647,0.6593570007737826,0.05911763361830409,0.05037821682085186,0.9142062785793487,0.8831951281701275,1.7799511264676889e-06,9.026569663484082e-07,0.914457801423439,0.892148407083605,0.0610895772932113,0.07556682913563977,0.9811504831761605,0.9047225375787945,2.0361628035957576e-06,4.5270158917158486e-07,1.1566469005733448,1.1305378241689592,0.07602185955753002,0.07232416360998264,0.9968947381459096,0.9492743929271411,4.653056574542033e-06,4.1173298164676716e-07
Low_C14_P2_05,C14,P2,05,Low,Low_SCS.xlsx,339.829,13.09,46.52,9.16,31.23,19.452945300303956,22.51245396405849,0.00250894334291945,0.003486112627027544,0.002272758009799069,61.41572952543844,3.1215677439094147,7.82e-06,0.000183133964127626,0.00035220958732090857,5.088093210083008e-05,2.2411834257874554,0.5161816471891146,7.82e-06,767.2634271099745,815.2173913043479,7.36e-06,5.66e-06,5.000000000000003e-07,7.019999999999999e-06,5.984702947083112e-14,8.654657455650078e-10,0.00011798560116206487,8.662180378947181e-09,0.5893526078282502,5.268978522537248,2.743209477084818,8.165382934280206,5.04416946919817,0.5557471735946062,0.7200519793838069,0.00024323928165522824,1.7430536083128776e-05,0.22970903522205205,4.0077305123735336e-05,0.3828483920367534,3.5288462169696155e-05,1.6462480857580397,2.8122610815477492e-05,0.22970903522205205,3.14002157322129e-05,0.3828483920367534,2.2969263366655124e-05,0.57427258805513,1.2401233709861792e-05,1.1357055967841518,1.3670536082904394,0.30100112363722287,0.30195476764869283,0.06652900779101616,0.06311516333389379,0.8422142202921533,0.8523326288637841,2.777228779002518e-06,2.1565739669479946e-06,0.48955497809723364,0.48816417420210384,0.053111272420434674,0.05477484748720618,0.8974425730953189,0.9852485053434273,2.341148148973082e-06,2.083356341724711e-06,0.6810863784948059,0.6759573820638958,0.05209059824611827,0.05298291211233146,0.9505351275704403,0.9776664491409078,1.848160531509969e-06,1.1905353544303645e-06,0.9093227085613658,0.9011308017311807,0.06346980161368863,0.057966296538146604,0.9917025942948955,0.9495950064592651,2.4266990233459625e-06,4.478371237767748e-07,1.155701733625702,1.1440343183928008,0.07562206981304702,0.0808155409646622,0.9973124281797923,0.9656312695328129,4.744226321773433e-06,3.223902695631283e-07
Low_C14_P2_10,C14,P2,10,Low,Low_SCS.xlsx,339.829,13.09,46.52,9.16,31.23,19.220572090566655,20.226582237696157,0.00250961111662446,0.003493124250930186,0.002250518246957895,60.92865170811609,2.8959205681488003,7.8e-06,0.00020775741776410083,0.00035758800721462174,5.281872965689298e-05,3.3459700086266997,0.9938375207085259,7.8e-06,769.2307692307693,821.917808219178,7.3e-06,6.5e-06,5.399999999999999e-07,7.04e-06,6.455240827617858e-14,8.8363864093687e-10,0.0001415920564374141,7.388724671276953e-09,0.5771856265897451,5.2916158536844105,2.4554916544459933,8.181172838768378,4.751639578324844,0.5564185585621337,0.7038564624945045,0.0002413679214136053,1.7737693514330978e-05,0.22970903522205205,3.915793260075436e-05,0.3828483920367534,3.468716110798349e-05,1.2633996937212861,2.706835052919762e-05,0.22970903522205205,3.129243355704094e-05,0.3828483920367534,2.3818962980405887e-05,0.57427258805513,1.1331190854019692e-05,1.1288883327743289,1.313761319878687,0.2980578071781462,0.3015327286431979,0.06472129467608528,0.060440301135035915,0.8704103635976335,0.9398010240643707,2.9615982827765302e-06,2.6173668800636747e-06,0.49245407783023026,0.48872520264137004,0.05352119103828711,0.05339976250667749,0.9351751510619812,0.988695051465724,2.5236780441764645e-06,2.1366691534704815e-06,0.6743201420753414,0.671979996122259,0.05279656338942662,0.050264150042624384,0.9247063293971276,0.95411805456836,1.4513965413921443e-06,1.0921843467745554e-06,0.9104951252846282,0.9055748340640872,0.06556157539248934,0.04614479822193145,0.9901750763278051,0.7533424427390986,2.392676351060276e-06,2.556817598593976e-07,1.157454441666965,1.142287503203267,0.07677947581393008,0.08336362718313547,0.9960364568892498,0.9364336896205427,4.957505127442317e-06,3.6587189871290177e-07
Low_C14_P3_05,C14,P3,05,Low,Low_SCS.xlsx,339.829,13.09,46.52,9.16,31.23,19.048281469957537,22.34414019365804,0.00252730711980734,0.003511154140965575,0.0022892531873087937,61.068099014896774,3.2977299561956097,7.92e-06,0.0001879094969508306,0.00035046547003490206,5.225616871932284e-05,2.5383482716965133,0.5643426419555733,8.28e-06,724.6376811594203,785.3403141361257,7.64e-06,6.9400000000000005e-06,4.59999999999999e-07,7.42e-06,6.495081609377442e-14,9.120203245894344e-10,0.00012161383388460274,1.1794052351213243e-08,0.5870686920204145,5.248804910755337,2.772173186004695,8.147426871835648,5.081477186498188,0.5529185135059016,0.7158147318316135,0.00024273052712307623,1.7546655655785796e-05,0.3828483920367534,3.993185538288164e-05,0.22970903522205205,2.9310158355991184e-05,1.4931087289433382,2.6732623508394818e-05,0.3828483920367534,2.389908936251856e-05,0.15313935681470137,1.777728207122777e-05,0.6891271056661561,4.287543612741964e-06,1.3623895693599943,1.3443611865076746,0.31338234621060584,0.3201287985224545,0.06089051070531884,0.0536930062454083,0.9440613203903452,0.9453175063274349,3.5509348967241625e-06,2.5920871794134888e-06,0.5022785958558016,0.4942988456848015,0.04358978970864932,0.0486835843560356,0.8941838664492393,0.9737172322644558,2.3764714071001534e-06,2.2752189821244006e-06,0.6728746104403608,0.6673958083367194,0.056943265705599336,0.053641507317400264,0.9556390662191719,0.9315072190489845,1.5308916823004235e-06,5.506019666377197e-07,0.9128401617724723,0.8949261073310919,0.06468606816599941,0.06691393017012016,0.9861730440312285,0.9415750729998561,2.2956562244258063e-06,4.548186166759619e-07,1.1585562912744072,1.121285559562403,0.0758240315132634,0.08275541565172191,0.994857743552777,0.8931401434030362,4.671624511718308e-06,3.1353485395060983e-07
Low_C14_P3_10,C14,P3,10,Low,Low_SCS.xlsx,339.829,13.09,46.52,9.16,31.23,20.961077101012418,25.56648964590519,0.00253698983853005,0.0035058119513254596,0.0022841046108125805,59.899987250705884,3.047794367740159,8.32e-06,0.000170548209285471,0.00033378863541876644,5.163749870639927e-05,2.4813159327609355,0.4047616498497654,8.12e-06,738.9162561576354,787.4015748031496,7.62e-06,5.600000000000001e-06,4.799999999999988e-07,7.42e-06,6.380249388082896e-14,8.823834773435417e-10,9.582652997500721e-05,9.970745974077101e-09,0.5701227007358272,5.231936735890735,2.530122971685007,8.140426854318727,4.834894676796272,0.5515645514937397,0.701765575216012,0.0002418608833196884,1.6762698518881453e-05,0.3828483920367534,3.806767075263811e-05,1.569678407350689,2.828186245209357e-05,1.3782542113323122,2.5658296284207188e-05,0.30627871362940273,2.2585995715425464e-05,0.49770290964777947,1.7846258946211748e-05,0.15313935681470137,1.631720743767081e-05,1.3460099903643423,1.2655870632557846,0.3100471231783604,0.31134096647127757,0.060734110370053385,0.05477755345543961,0.9341067112103865,0.9846396648285364,3.6081831401387112e-06,2.7555261118753057e-06,0.4950092343708162,0.487091615389902,0.04186405470470788,0.049638018002262495,0.845219639583313,0.9669569284073068,2.140009386869097e-06,1.946198272520077e-06,0.6703010849711888,0.6608921018759886,0.05593730424021681,0.05611188439581101,0.9485213905983877,0.8190747698875435,1.5133221391400166e-06,4.539203351271689e-07,0.9116453166020181,0.8891271193222413,0.06536334141340096,0.04719418973981801,0.9878332287157271,0.8465254609481959,2.1176923191819476e-06,3.2805086383401673e-07,1.1586106914845746,1.1352300995609468,0.07574592304955834,0.07382413662224678,0.9953954979142438,0.955321351396542,4.688333526111122e-06,3.7263837876868925e-07
Low_C14_P4_05,C14,P4,05,Low,Low_SCS.xlsx,339.829,13.09,46.52,9.16,31.23,20.93570186928172,25.610274765306972,0.00256403467358313,0.00350547806447296,0.0022677788906179056,58.114562882661446,2.8051715982027106,8.48e-06,0.00023473172318420134,0.00041017433707832713,6.0826758453454274e-05,3.686284610669876,0.9037348440793858,8.48e-06,707.5471698113207,753.7688442211055,7.96e-06,7.14e-06,3.5999999999999994e-07,9.44e-06,9.034920475141413e-14,1.0250862859094424e-09,0.00011196083667074043,8.771878526326535e-09,0.5659374174317846,5.207082629498305,2.2271007277927697,8.127972670026523,4.453638287492602,0.5524478782494647,0.6851290110748282,0.00024090299746635016,1.9417299369445243e-05,0.4594180704441041,3.83194596445463e-05,0.22970903522205205,2.987161507099281e-05,1.5313935681470137,2.7804593683574967e-05,0.4594180704441041,3.2395108366825154e-05,0.30627871362940273,2.3849540756718464e-05,0.15313935681470137,1.70663829845112e-05,1.2828050398571127,1.3583115641079093,0.30974355538734893,0.31127055765926065,0.05895147368895762,0.04997073410779957,0.9491797605299521,0.953560625064201,3.432796943434427e-06,2.5549175755624894e-06,0.49205965449012395,0.48703862476971055,0.05167862956342861,0.05256596277095597,0.9593807539377188,0.9842470810901865,4.0876939446572695e-06,3.915088342857069e-06,0.6774732645821132,0.6655913768647352,0.058912189902340456,0.0479171768789323,0.8908610794275789,0.9351929441713802,1.3851672514702174e-06,9.370494328206003e-07,0.9148724754982341,0.8978921975722723,0.06225507773949061,0.07415555650527214,0.9827844475039689,0.9253579020541891,2.0936048268348942e-06,4.058567519468783e-07,1.157476185890358,1.1570114751014124,0.076175087384891,0.08336833315202476,0.9955535122013031,0.9816907158910978,4.62998848759103e-06,3.9335413467065954e-07
Low_C14_P4_10,C14,P4,10,Low,Low_SCS.xlsx,339.829,13.09,46.52,9.16,31.23,22.330597811264102,29.83056986560673,0.00260209777476895,0.003439368467676527,0.0023030970885708365,57.95107151790421,3.1369167372725557,8.46e-06,0.00026765972531958164,0.00042791502864955285,6.0308001981015815e-05,5.274635095764031,1.3757301058533014,8.52e-06,704.2253521126761,755.6675062972292,7.94e-06,7.16e-06,4.59999999999999e-07,7.66e-06,8.689783761361839e-14,9.667629967271441e-10,8.043468070609893e-05,1.2450924381724218e-08,0.5887956173248527,5.1088828928985,2.1803300908467236,8.060603259432474,4.379004212763065,0.5492329629255064,0.6835501871505774,0.0002425506184062132,1.9195209371605497e-05,0.4594180704441041,3.84365271478996e-05,1.4931087289433382,2.695314969977423e-05,1.339969372128637,2.5486413150693913e-05,0.4594180704441041,3.250678733668121e-05,0.1914241960183767,1.7418040323792206e-05,0.6508422664624809,1.091396531649936e-05,1.4260495025622943,1.8662711112229653,0.3125986900996151,0.31640191804454015,0.05770507781243244,0.04625681867031079,0.9455223704172915,0.9389835381480499,3.4653020033799255e-06,2.559944647817955e-06,0.49139438445113276,0.4857616252345863,0.04970724927949361,0.051658976568293886,0.9495666543295692,0.9783613577905415,3.959232799308917e-06,3.783667820017517e-06,0.668727713505,0.6698205344677804,0.053761046103042096,0.05205687333042875,0.9151799633577736,0.9505479833299451,1.5868239840009677e-06,1.1170488520444377e-06,0.9063316239007625,0.8811543815750847,0.0668596077617189,0.06190182934195977,0.992316660652653,0.9442984754012304,2.153061500153535e-06,4.487418593826275e-07,1.1569031091255346,1.128529510883282,0.07635432391945532,0.06476691758673214,0.9958733915835221,0.9346737170366276,4.623633942234301e-06,4.5403917011778386e-07
Low_C14_P5_05,C14,P5,05,Low,Low_SCS.xlsx,339.829,13.09,46.52,9.16,31.23,20.562964259248698,24.67684566895344,0.00253632206482504,0.0034096525378033895,0.0022898111745752285,65.46201412582872,3.9818716148470483,7.84e-06,0.00017185384457444746,0.00033273630636956777,5.1785172604749286e-05,1.4557121328608664,0.5613611993325559,7.8e-06,769.2307692307693,817.4386920980927,7.34e-06,2.000000000000002e-08,6.800000000000003e-07,7.22e-06,6.312114241894318e-14,9.401405966981165e-10,8.901363187990014e-05,1.2088688346506537e-08,0.560043688611712,5.200712154764624,2.7896630861289933,8.136365692905713,5.079922425147644,0.5483948750429244,0.7173899468897437,0.00023975260164957427,1.6896916578919516e-05,0.3828483920367534,3.629778370751121e-05,0.22970903522205205,2.9136445186932817e-05,1.6462480857580397,2.392458533045733e-05,0.30627871362940273,2.158676488210769e-05,0.4594180704441041,1.5810844899610737e-05,0.6125574272588055,7.487931149764169e-06,1.2457862388100758,1.3653137231980206,0.3110512667203505,0.3200324277072085,0.05920283236692436,0.0543638705801084,0.979239415071526,0.86414241532517,3.5502650506319787e-06,2.346318129193291e-06,0.49594670814915953,0.4833692522845238,0.05206724559361223,0.04898624817694287,0.9300377330473517,0.9675469853124077,2.5321172928696812e-06,1.7682692868553945e-06,0.6749196765415357,0.6686361629954298,0.05266228755828763,0.0565409817261043,0.9706834355070421,0.8828276748255015,1.6831604713885286e-06,4.898547290516804e-07,0.9067394777228709,0.9091650069048486,0.06760309943450683,0.0596099287287274,0.9914013037803198,0.9575128528229851,1.8692845990393843e-06,5.016890090126597e-07,1.1580340579240838,1.1270469914501078,0.07539146593635448,0.07380197173963464,0.9953386223091759,0.9553819543856904,3.969887188557775e-06,3.895854649847121e-07
Low_C14_P5_10,C14,P5,10,Low,Low_SCS.xlsx,339.829,13.09,46.52,9.16,31.23,20.299766579976023,25.637092963931924,0.00254133036761264,0.003457732244564418,0.0023177470667026722,62.17996882350647,3.7924988805471904,7.78e-06,0.00016740025797673026,0.0003271997744341956,5.179622624402256e-05,1.6239907496109502,0.37153131041255294,8.04e-06,746.268656716418,813.0081300813009,7.38e-06,2.000000000000002e-08,5.399999999999999e-07,8.939999999999999e-06,6.150755376068505e-14,8.88547770095737e-10,0.0001072113099698028,1.147233629832063e-08,0.5855503426981091,5.187334008206272,2.588414739800819,8.094018779011268,4.843326135575806,0.5499877361009173,0.70960718735576,0.00024296846373517177,1.6926657909978863e-05,0.3828483920367534,3.644483105431995e-05,0.22970903522205205,2.863834717727425e-05,1.5313935681470137,2.426967128944272e-05,0.34456355283307805,2.1233592149834383e-05,0.15313935681470137,1.4692208936822007e-05,0.6125574272588055,8.386382019391123e-06,1.2725884477946419,1.4452279297083954,0.31251691135494347,0.313133186262922,0.05883687321804307,0.05598789724478112,0.9795523903661206,0.9478762875697779,3.6006120956023067e-06,2.5364171145051954e-06,0.49030745266577563,0.4835632885808659,0.05238327228290995,0.05020435535083982,0.8936305068213904,0.9602469007071381,2.4879368651690057e-06,1.9082177301249043e-06,0.6772674008867114,0.6591870668903219,0.053931632792904825,0.05049753497227693,0.9798546191034914,0.8687976737198921,1.7532351696120448e-06,5.343973647212753e-07,0.9087160063828471,0.8917937132843188,0.06494386447754914,0.06539314597742091,0.9906222064088934,0.9812018789463929,1.7516314594130253e-06,4.3658718779926556e-07,1.157632758413517,1.137088464193336,0.07628844914433108,0.07843874062829334,0.9962204900704021,0.9807462479284402,3.947621520100516e-06,3.6113135451112837e-07
Low_C14_P6_05,C14,P6,05,Low,Low_SCS.xlsx,339.829,13.09,46.52,9.16,31.23,19.875569831035595,23.62335326747499,0.0024608636361584,0.003157234077307959,0.002230012041252276,65.60047628423398,4.23221172591095,8.4e-06,0.0001895014098107943,0.000364244749979992,5.306984765379552e-05,3.2398641770526906,0.8012385289402352,8.66e-06,692.8406466512702,746.268656716418,8.04e-06,2.000000000000002e-08,3.7999999999999975e-07,9.679999999999999e-06,6.483980628004755e-14,8.332958373165207e-10,5.368005591014431e-05,1.0872644872825057e-08,0.5651688952047524,5.05836313985312,2.6684056919282306,8.054891442467518,4.9852438342053915,0.5454546730999738,0.7087697877205124,0.00023162372456048103,1.76346995614283e-05,0.34456355283307805,3.51898276160895e-05,1.5313935681470137,2.7300688530806923e-05,0.57427258805513,2.4250074111972293e-05,0.1914241960183767,2.4928719393802188e-05,0.4594180704441041,2.425649061464729e-05,0.8039816232771821,4.908561473256843e-06,1.2889721183188518,1.027713314432866,0.312407366270267,0.3233086211282192,0.05792252936506422,0.045712265812882714,0.9379233991730387,0.8296635952458605,3.2834835094811878e-06,2.2036772155324972e-06,0.5003878739884141,0.4888112825150668,0.04998101166933924,0.052780298735295786,0.8949564413919456,0.9867683307456483,3.1148124350982424e-06,2.9822548055853274e-06,0.6817916662541327,0.6813414435121126,0.0537230123032604,0.06007880695184859,0.9874935129776711,0.9543727410332606,1.6194292410674242e-06,3.7412023099672316e-07,0.9092469025586931,0.8820685511413658,0.06606905996480467,0.06526203260595874,0.9922322750642185,0.957727285084607,2.0977596861604455e-06,5.889592922338551e-07,1.1555200601225637,1.1637792460517793,0.07551984000998085,0.08102316285405387,0.9969007837537149,0.9451170117874277,4.445840141508524e-06,3.70606814033589e-07
Low_C14_P6_10,C14,P6,10,Low,Low_SCS.xlsx,339.829,13.09,46.52,9.16,31.23,20.098875222867182,26.740197283105914,0.00256436856043564,0.003204979897216487,0.00229695243821875,64.24387063077938,4.152059705155655,8.54e-06,0.00023223980098778526,0.00040742223287462806,5.550623808815235e-05,5.3743297797981775,1.5233074623820253,8.64e-06,694.4444444444445,757.5757575757575,7.92e-06,7.260000000000001e-06,4.1999999999999937e-07,7.8e-06,7.058330007406667e-14,8.461141585774766e-10,7.902276784998595e-05,7.54723110835411e-09,0.5657357973744725,5.009714320068267,2.822351142505746,8.025523669141046,5.096382554463496,0.5411030178319464,0.7184714405337452,0.00023589804864671953,1.86551805244179e-05,0.34456355283307805,3.789554439904352e-05,1.569678407350689,2.544616552037988e-05,1.4165390505359876,2.5148549950828574e-05,0.34456355283307805,2.5899809958631334e-05,0.1914241960183767,2.28025086169851e-05,0.5359877488514548,2.0643595161122105e-05,1.4892437479214369,1.135831555108264,0.3120130365040596,0.3216157829896917,0.057580703015252956,0.04687590078714757,0.9451239629003334,0.853444905753305,3.5391436953448194e-06,2.4511063141627146e-06,0.4979321140250332,0.48678901378189343,0.04810783602347175,0.05067320041352212,0.8925211812495152,0.9763308147941729,3.2385387083964116e-06,3.010650440503001e-06,0.6799508996324449,0.6685500501943552,0.055412657367656035,0.05700552449828662,0.9797403954696997,0.9290116493761686,1.7823750480537313e-06,4.07182508549682e-07,0.9089456555421197,0.8996631800261504,0.06657915144363724,0.06771633315048119,0.9918466097312499,0.9958912723955793,2.15499297608391e-06,5.389878210485449e-07,1.1579494019576588,1.1483261948121053,0.07578803280583654,0.07469677566452876,0.9957475810333816,0.9218660345246896,4.55112741535749e-06,4.0704797397646894e-07
Low_C14_P7_05,C14,P7,05,Low,Low_SCS.xlsx,339.829,13.09,46.52,9.16,31.23,19.71433996738537,22.00300042839199,0.0025530164074504,0.003125180939467273,0.002333911841364936,68.37570910662151,5.205977049598311,8.2e-06,0.0001530288086682124,0.00029158471572256737,4.854204866411404e-05,1.097487572106954,0.3390901596751113,8.28e-06,724.6376811594203,763.3587786259543,7.86e-06,2.000000000000002e-08,4.600000000000007e-07,9.08e-06,5.472307230453805e-14,8.721084977736741e-10,9.385542635272776e-05,6.624710372178177e-09,0.5633597267649336,5.247792883759542,2.7036082460452127,8.186844509293492,4.969846990288205,0.5444793257029922,0.7179675642745256,0.00024037501303755793,1.6393822664984624e-05,0.3828483920367534,3.1787723860575815e-05,0.22970903522205205,2.8776745133509348e-05,0.6125574272588055,2.2811254386228803e-05,0.30627871362940273,1.977326881113876e-05,0.5359877488514548,1.9052991209436737e-05,0.8422664624808575,5.540197597830688e-06,1.1046323205930606,1.0378038574615738,0.3084624426853163,0.31790319157250296,0.0612823178007921,0.04918753469185947,0.9294062913189717,0.9248933978234205,3.166340716754756e-06,1.820318725785141e-06,0.49724855922265365,0.499834212982603,0.050283364809339835,0.050898744508177565,0.9752369376290625,0.9849718510648354,3.378966856806132e-06,2.414054321078432e-06,0.67610605183822,0.6660183338223596,0.05464744812935691,0.05728815022101362,0.9769838903609633,0.8973714943260842,2.216006832219148e-06,4.6442345072445626e-07,0.9040959455548285,0.881606432685293,0.06616184370332748,0.06395606452332507,0.9964996860057905,0.92731784574703,1.9039125845706234e-06,5.104114765457507e-07,1.1598718582089997,1.16523675261892,0.07669639474158094,0.0743232469385644,0.9939102887508708,0.9637651229748313,2.9703732831529654e-06,3.2075878801396087e-07
Low_C14_P7_10,C14,P7,10,Low,Low_SCS.xlsx,339.829,13.09,46.52,9.16,31.23,18.165491532564644,20.81146029929565,0.00255902637079552,0.0031702556645557397,0.002364211481653935,74.87036980791889,5.533371914590176,8.4e-06,0.00016019753421712827,0.0003184249605235476,4.5882521208473135e-05,1.3084918060332331,0.3814119289266554,1.2e-06,5000.0,5000.0,1.2e-06,0.0,4.5599999999999995e-06,9.299999999999999e-06,4.562800697091561e-14,7.988110639759203e-10,8.08839829203033e-05,8.054276266170688e-09,0.5725834266054365,5.223002021617303,2.591330616226762,8.17787288164782,4.812766770069592,0.5395989774040718,0.7167486616773616,0.00024025110773067995,1.5490094786690326e-05,0.49770290964777947,3.112782509438252e-05,0.22970903522205205,2.616219273594052e-05,1.4165390505359876,1.9569197873047004e-05,0.30627871362940273,1.803009735596592e-05,0.5359877488514548,1.579339247085127e-05,0.15313935681470137,1.2910758196414798e-05,1.1898017960023142,1.1416227544284752,0.30951661465467417,0.3222333403603989,0.06087029669546442,0.04708668769044175,0.9270693359808888,0.8893367875581242,3.0519811631856206e-06,1.5443261419472173e-06,0.49976459244621696,0.49465757308605024,0.04913267390447552,0.05150290270958991,0.9697223178990935,0.9915482143346317,3.1933912988850344e-06,2.116745828825732e-06,0.6756884743709054,0.6757312203307082,0.053987057815308874,0.05832748338276626,0.9793647726122374,0.9158152635652066,2.156037108464765e-06,3.658188302999302e-07,0.9046367977926433,0.8717891305977026,0.06767872850783303,0.05260964617402496,0.9938427891483339,0.9068186176726716,1.6973997204117534e-06,3.890363954727378e-07,1.1612106079444982,1.1603201804184773,0.07531585629132366,0.08168287761920269,0.9914751942936123,0.9550798680001126,3.0956965402429574e-06,4.125917365333432e-07
Moderate_C6_P1_01,C6,P1,01,Moderate,Medium_SCS.xlsx,346.884,23.81,42.8,7.67,25.72,25.26485103879526,27.778332315117904,0.00263615423372468,0.00545604505681992,0.002244026218472741,217.78671746396665,-7.216616896520708,4.02e-06,0.0003399946590125811,0.0005188953151376881,6.836185185947823e-05,7.772764887172409,1.8368717318368049,4.06e-06,1477.8325123152708,1612.9032258064517,3.72e-06,1.1200000000000003e-06,5.800000000000004e-07,1.5199999999999998e-06,1.219083688261012e-13,1.045133156300477e-09,8.051099149179521e-05,4.726294579327022e-09,0.5154633946650127,4.408711686991414,1.2705065212498015,6.160667613067322,2.6925198460509527,0.6014415358633602,0.619916685004054,0.00026610453896621776,1.9608328157242752e-05,0.4594180704441041,4.599537283771767e-05,0.30627871362940273,3.0322819048293234e-05,1.339969372128637,1.328107304005877e-05,0.4594180704441041,4.5303354910189626e-05,0.15313935681470137,2.4185495205968706e-05,0.6125574272588055,2.3445816309049893e-05,1.5168567027889805,1.8731621019629638,0.32099060965928355,0.33028895603719155,0.041945033910416936,0.036908694880648296,0.9114254080870015,0.8381327187698839,3.1567687639747624e-06,2.729793987253004e-06,0.4863463302966791,0.48162152849879447,0.05150923543380758,0.05196222485596234,0.9788121978325909,0.9647618396660336,4.978085628161515e-06,4.660269938415822e-06,0.6785114162398216,0.6627780403904509,0.05757665231364724,0.05282091938076737,0.9764251788919137,0.9154075726016512,1.8004368323599002e-06,1.7413156375673056e-06,0.8853174444605835,0.9080005274220547,0.06910727583667747,0.0645155358920569,0.9335901083936141,0.9906204194067603,1.2249304490353883e-06,9.780778970040427e-07,1.129931164551578,1.1565315163854182,0.07403363366175142,0.07993553127882612,0.9768341819850167,0.9917741823987021,1.915822826913049e-06,8.530988462492252e-07
Moderate_C6_P1_02,C6,P1,02,Moderate,Medium_SCS.xlsx,346.884,23.81,42.8,7.67,25.72,26.104179644223557,29.864730218904242,0.00259041173493119,0.00551213804804113,0.002210366284845355,221.18185722845243,-7.341800189803589,4.12e-06,0.0003119973246558763,0.0005055211546621888,6.660593959392376e-05,5.940845334578386,1.3394563969049287,4.12e-06,1456.3106796116504,1612.9032258064517,3.72e-06,1.2199999999999998e-06,5.399999999999999e-07,2.12e-06,1.1583088471569105e-13,1.0426427724878247e-09,4.927788639510496e-05,3.734948948888531e-09,0.5313438117788546,4.482480279655563,1.1346283388978686,6.2119584559328835,2.234645790803572,0.6074734512629931,0.6103679987345342,0.000266192945763126,1.8620109181465258e-05,0.4594180704441041,4.2953254723025286e-05,0.30627871362940273,3.423244242778389e-05,1.339969372128637,1.2453867112649779e-05,0.4594180704441041,4.3215433552726745e-05,0.6125574272588055,2.1605462565073702e-05,0.15313935681470137,2.1171246359871056e-05,1.2547528140560182,2.0002085779166814,0.31516967791222067,0.32223497759543446,0.04347531859965384,0.03908606406959688,0.922059616245783,0.8772006655992295,3.50351139218006e-06,3.052243833573516e-06,0.48597674545875197,0.4805835856635626,0.05215551999207429,0.05217995982711341,0.9803663225641155,0.9620803350525249,4.771898980545398e-06,4.487820791720202e-06,0.6799440758320003,0.6642539140709712,0.05961919717835414,0.05422740737493401,0.967099151062549,0.9192380421500358,1.5786267774372556e-06,1.5806314498519925e-06,0.8801118796770487,0.9132343678803339,0.06368694821706199,0.06406890249175147,0.9535602613097981,0.9776941218167727,1.3254874265418721e-06,9.983776425796114e-07,1.1386579218385111,1.1525894466608937,0.07633652197830927,0.0757252476951479,0.9883297292723855,0.9902057594854271,2.0159379948438964e-06,7.414747387589981e-07
Moderate_C6_P1_03,C6,P1,03,Moderate,Medium_SCS.xlsx,346.884,23.81,42.8,7.67,25.72,24.471567983647446,23.953652187494065,0.00255835859709051,0.0054570467173774406,0.0022117341919326594,222.70667314451404,-7.347501525086511,4.1e-06,0.00029307352193404696,0.0004862265335917866,6.417145014107218e-05,5.980837683596061,1.3421829843909343,4.08e-06,1470.5882352941178,1604.2780748663101,3.74e-06,1.76e-06,5.200000000000001e-07,2.1800000000000003e-06,1.0755325670977178e-13,1.031558715948696e-09,6.96192699416129e-05,3.5244376142105158e-09,0.5478535302600095,4.452171775213906,1.3169634354156103,6.183148000921385,2.8280287764517396,0.6043549305637894,0.6198449449777638,0.0002642206957175014,1.7956148217209433e-05,0.4594180704441041,4.496200225789613e-05,0.7656967840735068,1.2974807421882018e-05,1.3782542113323122,1.2125519560077251e-05,0.4594180704441041,4.406515768462698e-05,0.15313935681470137,2.071802423300314e-05,0.9571209800918835,7.440238465543772e-06,3.465330723655827,2.1268995084740325,0.3234941999094357,0.3254428959578328,0.03758990481969963,0.03950270032404644,0.8559791827823895,0.8698940462638407,3.0721679235973075e-06,2.7142785954141347e-06,0.4854555781670159,0.480307591026445,0.052539379426194424,0.0528815386574365,0.974167370594724,0.9546985638940895,4.645683636261344e-06,4.318234199492518e-06,0.6842717404262979,0.6640799543623532,0.05823508156511688,0.05405974654858728,0.9851155310523683,0.9137067594440353,1.6965601930975654e-06,1.5519320500691307e-06,0.8803221215724836,0.9125766992072103,0.06591009273247565,0.0649692472373335,0.9272259409726356,0.9735402836361683,1.3175808439665495e-06,9.86843719328662e-07,1.1370921120191195,1.1463036099520758,0.07789078093242645,0.08408462829730244,0.9876026369358308,0.9753409636854603,2.06553308264686e-06,7.043551987255649e-07
Moderate_C6_P1_04,C6,P1,04,Moderate,Medium_SCS.xlsx,346.884,23.81,42.8,7.67,25.72,25.883629489229353,27.20139161162546,0.00255568750227045,0.00552783073010897,0.0021732971496114402,236.8957721641054,-8.022617401271905,4.12e-06,0.0003206765638573475,0.0004936640356553608,6.366028860948726e-05,7.4618332317665566,1.704565474048807,4.1e-06,1463.4146341463415,1604.2780748663101,3.74e-06,1.24e-06,5.800000000000004e-07,1.5199999999999998e-06,1.0575287210440598e-13,9.71933188386905e-10,7.279895138862026e-05,3.796776694233151e-09,0.5291154878613155,4.558353699022816,1.332326349731903,6.2452077425448005,2.8500581155142077,0.612601613559916,0.627621511420291,0.0002653083110498032,1.8485894601835986e-05,0.4594180704441041,4.056217663150386e-05,0.30627871362940273,3.036563584561427e-05,0.6125574272588055,1.954747070115906e-05,0.4594180704441041,4.067177501974441e-05,0.6125574272588055,2.314954789975669e-05,0.15313935681470137,1.8487336451791487e-05,1.3357920611950638,1.7569143656260138,0.3196337379027779,0.3234035032819633,0.04077227914669689,0.03849111385012273,0.8992118307123184,0.8687181069499932,3.086706485794699e-06,2.7068008910732578e-06,0.48297619979135936,0.4789015753206145,0.05075119694398728,0.05071151680112214,0.9721553390270331,0.9576353763355315,4.503847728512536e-06,4.287904710243004e-06,0.6801363933184013,0.6655522186187346,0.05956419137842676,0.05534146282966437,0.9681392655049902,0.9250971681176804,1.7039299394816873e-06,1.6616655939266724e-06,0.8902743636801436,0.9122882768317196,0.07038305140407054,0.06476237052868515,0.9580777156551238,0.9854461359860214,1.2923269632854024e-06,9.117078523249594e-07,1.1310250426082762,1.147113052016562,0.07479396938103929,0.08045709971577795,0.9818070432874753,0.9939427699320408,1.986982657941654e-06,8.068661641876107e-07
Moderate_C6_P1_05,C6,P1,05,Moderate,Medium_SCS.xlsx,346.884,23.81,42.8,7.67,25.72,25.11375212317575,27.219154888467386,0.00256503633414065,0.00551080250063111,0.0022108281027504438,223.8527306029284,-7.139768627402286,4.14e-06,0.00031574335218245773,0.0004818729037495508,6.649511666072312e-05,6.042796238008545,1.5303703785289478,4.1e-06,1463.4146341463415,1604.2780748663101,3.74e-06,1.92e-06,5.599999999999997e-07,2.0000000000000003e-06,1.1547844524487356e-13,1.0707747058987834e-09,9.490898544023312e-05,6.966498111442482e-09,0.5579594997121182,4.475126484315591,1.3040462254822507,6.211850380601266,2.686617817179711,0.6062720773475283,0.621970857938803,0.000265250090077564,1.8973621272318174e-05,0.4594180704441041,4.192070620844706e-05,0.30627871362940273,3.2727442512057704e-05,0.15313935681470137,1.8505935650063737e-05,0.42113323124042873,4.14173255999137e-05,0.15313935681470137,2.7421351956368733e-05,0.6125574272588055,2.0900471037094244e-05,1.2809037831813015,1.510404160794493,0.3169238594737511,0.32638805692271106,0.046179932102559426,0.04221711762635131,0.9516593561884791,0.9054409771725359,3.3874864118960542e-06,2.883527626353333e-06,0.48485116718259774,0.4792200308571816,0.05160511356210087,0.051797137276297735,0.9766188073650144,0.9567218632555788,4.737268821766562e-06,4.388169936468023e-06,0.6834212486339245,0.6674503169489326,0.059247243618010835,0.05600197476588632,0.9768265752371253,0.92912954562699,1.6373171773072247e-06,1.5986642745976502e-06,0.8874217558076555,0.908164621505557,0.07064407052673476,0.06876904429954495,0.9584065244657588,0.9804012254492404,1.3481836792597368e-06,9.163949987180704e-07,1.1326377048234761,1.1528500478262307,0.07844822657684757,0.08383518968101648,0.9792724382011213,0.971959962441805,1.8885382011897834e-06,7.537416027868614e-07
Moderate_C6_P1_06,C6,P1,06,Moderate,Medium_SCS.xlsx,346.884,23.81,42.8,7.67,25.72,27.39054104255173,30.9130473609224,0.00265051136838249,0.0055101347269260895,0.0022536216054943464,233.49824441455416,-7.725375869634451,4.16e-06,0.0003217821569496606,0.0005138448207380529,6.350242337318166e-05,7.335430456291929,1.539027615112964,4.1e-06,1463.4146341463415,1612.9032258064517,3.72e-06,1.2199999999999998e-06,5.800000000000004e-07,1.6e-06,1.0530757794127609e-13,9.947219708350359e-10,7.271296747850371e-05,4.039161389915313e-09,0.49059051272903054,4.42926323276776,1.2013172571824435,6.164563741603977,2.4474953568029334,0.6013887227260722,0.6151244187780509,0.0002669519580899894,1.807395376717452e-05,0.4594180704441041,4.10037890165335e-05,0.8039816232771821,1.2895799659975741e-05,1.339969372128637,1.2830595141023064e-05,0.4594180704441041,4.0902416395930075e-05,0.15313935681470137,1.9075538968045015e-05,0.9954058192955589,7.71824789119431e-06,3.17962335939292,2.1442337393567383,0.31806772961984275,0.32534480581228714,0.04249043898345646,0.039370926951937224,0.9221616091771435,0.8742094306803472,3.1822792096488563e-06,2.755030944240635e-06,0.4870951154629172,0.48169152297237716,0.052984932126533546,0.053311394884167876,0.9835619724505172,0.9653967130291653,4.642269227756549e-06,4.335717489692245e-06,0.6781190785284953,0.6609532736528728,0.05813521369810117,0.05121342929925127,0.9724149583058169,0.9074465584002819,1.3884965731779304e-06,1.4162587668440027e-06,0.8759086157497293,0.9073361940820359,0.06604122951003866,0.06974583277399517,0.9055292833469404,0.9824052092318293,1.3683849978501238e-06,1.0476279164681591e-06,1.131517864354547,1.1534910412623696,0.07993727752245436,0.08399242074723852,0.9679469819902466,0.9503600173973656,1.8051811097363904e-06,7.805661686974464e-07
Moderate_C6_P1_07,C6,P1,07,Moderate,Medium_SCS.xlsx,346.884,23.81,42.8,7.67,25.72,24.734518744721747,26.71832200239093,0.0026184582305418,0.00550379087672846,0.00225902051244756,235.3696339271658,-7.5984491092331075,4.14e-06,0.0003032029320441701,0.00048650675930306237,6.344801976381223e-05,6.274488839647775,1.2504374348520433,4.14e-06,1449.2753623188405,1604.2780748663101,3.74e-06,1.16e-06,5.600000000000006e-07,2.1199999999999996e-06,1.0508729768337067e-13,1.0251541807319534e-09,7.44803978628073e-05,5.026708846271343e-09,0.5322481561385954,4.447880884818325,1.144322631997494,6.211610768632711,2.132141109900773,0.6005931219941736,0.6206942630293475,0.00026645219260300145,1.8596337531804423e-05,0.4594180704441041,4.3345985583140815e-05,0.30627871362940273,3.128284447756926e-05,1.339969372128637,1.2452559830436954e-05,0.4594180704441041,4.249015868504392e-05,0.6125574272588055,1.9835078032685984e-05,0.15313935681470137,1.786744076983661e-05,1.385615180505916,2.142172391399344,0.3187238233818108,0.32261797804978554,0.040482500543851344,0.040520515347629155,0.8991860673700128,0.894833553587896,3.17631678022657e-06,2.8303648598729472e-06,0.4867433867451369,0.4816290646964251,0.05212297898242218,0.052672925283428276,0.9785902196673867,0.9621575010627477,4.585817730331224e-06,4.257990676782432e-06,0.6819005101788216,0.6652360804940153,0.057652522934096395,0.05350999076152108,0.9808641533185511,0.9257718590174099,1.625351513742721e-06,1.5722147480980346e-06,0.8834034363700137,0.914165684046364,0.06784111706866662,0.0669535266414636,0.9580821121119919,0.9800471804296664,1.3810390003049147e-06,9.980472883845445e-07,1.1372090846806229,1.1630870050662112,0.07794947688337732,0.07771264972030859,0.9848689389727164,0.9779068232422584,1.932543752743203e-06,8.505504591692998e-07
Moderate_C6_P1_08,C6,P1,08,Moderate,Medium_SCS.xlsx,346.884,23.81,42.8,7.67,25.72,26.028670353002383,28.924138918983424,0.0026044349827365,0.0054870965341031,0.0022296639580633403,243.56406216822234,-8.031304082139604,4.06e-06,0.00033545779547809295,0.0004965998177101184,6.37777132407898e-05,7.7831096258977865,1.722028303751256,4.08e-06,1470.5882352941178,1612.9032258064517,3.72e-06,1.1999999999999995e-06,5.999999999999993e-07,6.399999999999998e-07,1.062430279453209e-13,1.025227197237689e-09,6.99176363699062e-05,3.8560947023736025e-09,0.49145066282052274,4.4805455575855895,1.0594861478766424,6.204178360635076,1.986461728120724,0.603385349247398,0.6088901377233484,0.00026509171135591337,1.8260781712116094e-05,0.4594180704441041,4.171400558076071e-05,0.30627871362940273,3.059620042139739e-05,1.3782542113323122,1.2698353290539169e-05,0.4594180704441041,4.1998134931697326e-05,0.6125574272588055,2.1405771233328834e-05,0.15313935681470137,1.5637653866292592e-05,1.3633720410661208,1.9620004582832167,0.31733792810720834,0.31777377183758926,0.043897409214723127,0.04472547547317084,0.9289372721095551,0.9244838071540789,3.1952305496234113e-06,2.847783370673015e-06,0.48508609567224487,0.4800501270040395,0.052232798646688165,0.052143260484162776,0.9770888623476884,0.9586056897075457,4.5068313530173205e-06,4.2507074011520855e-06,0.6763714108159582,0.6645545834063545,0.060047663663182566,0.054641760975432045,0.9481396555033152,0.9167152741049098,1.4510692741248193e-06,1.5618562055275938e-06,0.8779792316846624,0.9016523094118042,0.0656748368233195,0.06702186996051579,0.940663690603848,0.9968288265110739,1.3174121068935719e-06,1.0362770770536887e-06,1.1313176712260593,1.1484784907031014,0.076161502490313,0.08040610850843992,0.9760908672399125,0.9778548589854804,1.8751873640346586e-06,7.960056760303262e-07
Moderate_C6_P1_09,C6,P1,09,Moderate,Medium_SCS.xlsx,346.884,23.81,42.8,7.67,25.72,25.646526198528584,26.57361562068327,0.0026274731755595,0.00550546031099099,0.002233885125956997,216.253930620085,-6.686149318320535,4.12e-06,0.00031967734676646687,0.0004838873288612671,6.420000223924658e-05,7.348459527279987,1.7987871327254503,4.1e-06,1463.4146341463415,1612.9032258064517,3.72e-06,1.7999999999999997e-06,6.2e-07,1.2200000000000002e-06,1.0760930383324043e-13,9.873118966670155e-10,5.475312524423066e-05,3.624327743303955e-09,0.5143049355114153,4.447710626026176,1.157976246610803,6.2013471607342865,2.3606495055194396,0.603101021419166,0.6144388410443907,0.00026570170136983674,1.8349565427784234e-05,0.4594180704441041,4.2777603428429085e-05,0.30627871362940273,3.2230614088407805e-05,0.7656967840735068,1.3922568668924455e-05,0.4594180704441041,4.193178081609814e-05,0.30627871362940273,2.739938969114877e-05,0.6125574272588055,2.2325606076979745e-05,1.3272350934380601,1.530390996236423,0.31873732198972243,0.3283657175107238,0.04198659976025632,0.03669247174240258,0.9080724116757741,0.8367849145501033,3.0894227993368013e-06,2.6376853997271823e-06,0.48384385166883553,0.4796280843497026,0.05151508485627054,0.05212936539911527,0.9723621770834843,0.9564305375874504,4.527580223401432e-06,4.2465158467872e-06,0.6820999536172893,0.6636605317651048,0.060152683406056846,0.05572437304102291,0.9674678521835426,0.9038649447168409,1.6309049860043322e-06,1.5141053317419744e-06,0.8803260760662373,0.9003589299672584,0.06798917236043843,0.06780683801357305,0.9548363836837892,0.9852508153504028,1.4158909557901257e-06,1.0593380952279916e-06,1.1293575995667733,1.1479968047771851,0.07401196310185186,0.07951314525544778,0.9776369870377888,0.9908032148395272,2.1598546158271667e-06,9.217703001319404e-07
Moderate_C6_P1_10,C6,P1,10,Moderate,Medium_SCS.xlsx,346.884,23.81,42.8,7.67,25.72,25.90649727007161,26.885170220517352,0.00265986020025269,0.00549043540262816,0.002281931744673928,237.046950308355,-8.013246087838224,4.08e-06,0.00032474952266754975,0.0005120801286468699,6.35130308013004e-05,7.530613096512267,1.6013100122195243,4.1e-06,1463.4146341463415,1604.2780748663101,3.74e-06,1.24e-06,5.800000000000004e-07,1.5399999999999997e-06,1.0524346863606132e-13,9.773791386203985e-10,6.701006397207473e-05,2.2862104765537048e-09,0.5133384057596272,4.428264777985703,1.1427344267854636,6.184001083561629,2.24431518921999,0.5986273511891026,0.6122097872328908,0.00026771569950116947,1.7707472904615812e-05,0.4594180704441041,4.310616950482732e-05,0.30627871362940273,3.000965826802586e-05,1.3016845329249618,1.3383733927095562e-05,0.4594180704441041,4.3085668343321704e-05,0.30627871362940273,2.5811354608071864e-05,0.6125574272588055,2.141454116299398e-05,1.4364098279101518,1.6692524405749432,0.3213049279052993,0.32114350963948723,0.040101828038935666,0.04159603227289521,0.8916793555342104,0.9098175870195454,3.031952514235706e-06,2.723035680349684e-06,0.482586965150965,0.47818432206356215,0.05184867904750694,0.05149771446467611,0.9706109023813547,0.9527737926775208,4.625609094911484e-06,4.385068104057878e-06,0.6774364927874693,0.6627003866031029,0.05923408214352247,0.05402719307632168,0.9579400290764546,0.8974629805457196,1.550973513464821e-06,1.5392420087251232e-06,0.8777702461279488,0.9018844519018112,0.06550412120570319,0.06577005840354326,0.9229991357990518,0.9931215809558755,1.3618738708220608e-06,1.062363552646311e-06,1.1339226797038386,1.1378766757157097,0.07883422288640039,0.07722166323215054,0.9815440904913535,0.9913398337571021,1.9672895427760602e-06,7.619215100370156e-07
Moderate_C6_P2_01,C6,P2,01,Moderate,Medium_SCS.xlsx,346.884,23.81,42.8,7.67,25.72,25.30129023204488,26.154267996132354,0.00269391665920843,0.005498448687088344,0.0023939424868976403,283.37557516144113,-9.120447149270206,4.3e-06,0.00025779008751154996,0.00041189562279281505,4.4396820476352576e-05,9.757297408497546,1.7479416637589091,4.34e-06,1382.4884792626729,1470.5882352941178,4.08e-06,7.799999999999997e-07,2.6000000000000005e-07,2.0599999999999998e-06,5.120571843529762e-14,6.498040858830891e-10,6.223485332691544e-05,4.356099101771774e-09,0.45278463671377095,4.379856569771632,1.8214855156377967,6.201273029905804,3.515541418757295,0.5814779905132299,0.6846487603431879,0.000267206736666035,1.6079468556429628e-05,0.7274119448698315,2.0754509733083276e-05,0.9571209800918835,1.888706412781516e-05,0.1914241960183767,1.823917471478897e-05,0.6891271056661561,1.6894749696392596e-05,0.9188361408882082,1.4023719555571444e-05,0.5359877488514548,1.0078290369723313e-05,1.0988742609098072,1.204726636518761,0.2858338275765936,0.320311501356735,0.04323109862642495,0.04433351976367575,0.916718849603077,0.9279883784348699,8.837469509140046e-07,8.214871201385404e-07,0.5110002645022851,0.511182779236145,0.048193942662979564,0.050814907260540394,0.9591392502564302,0.9698221221474552,1.388159926898406e-06,1.0258706457702688e-06,0.7034338811105065,0.6921578525912065,0.04909323260052215,0.05119146961353721,0.9687849520165354,0.9936569766000499,2.394177429453258e-06,2.3253956525245054e-06,0.9299205203012134,0.9043432195538975,0.06036015943287302,0.06200838231091275,0.8876307971349842,0.9868499776983959,1.983741646624532e-06,2.043287046538415e-06,1.1698571970372347,1.1329196062640146,0.08028500011158435,0.07437678228287352,0.9445602018034903,0.9841104677160883,1.9231549884211256e-06,1.32453868159e-06
Moderate_C6_P2_02,C6,P2,02,Moderate,Medium_SCS.xlsx,346.884,23.81,42.8,7.67,25.72,24.33600830628373,23.73227586651376,0.00269157945124088,0.00551147027433612,0.0023688916348377563,266.747449155709,-8.887002635290237,4.34e-06,0.00026491961874429686,0.0004244701638258877,4.5357724385998864e-05,9.348028534219532,1.6281356999943395,4.36e-06,1376.1467889908258,1470.5882352941178,4.08e-06,9.800000000000004e-07,2.4000000000000024e-07,8.600000000000002e-07,5.3734070895949475e-14,7.127683425901799e-10,8.363185470406861e-05,6.912735888896796e-09,0.47390690521153256,4.364392957115096,1.6180526006114824,6.143844918130255,3.0501062865692843,0.5883915998984122,0.6775125850640106,0.0002698067740256882,1.65604732987746e-05,0.7274119448698315,2.2322108783406285e-05,0.1914241960183767,1.9554472202621103e-05,0.9571209800918835,1.799750468486796e-05,0.6891271056661561,1.739580231845577e-05,0.9188361408882082,1.190747142776705e-05,0.5359877488514548,1.1496045103268793e-05,1.141534653074377,1.460914767930974,0.28134865584034835,0.31231131165897025,0.04933039290520021,0.05505180184268299,0.9100263694050378,0.9784831049608871,1.0981330266378097e-06,7.391082763804778e-07,0.5066576940222892,0.5026346668253251,0.04998167912329222,0.05360232463360769,0.9630816447828963,0.9842884224425078,1.5250535829116423e-06,1.2732056646859905e-06,0.704372091735566,0.6918296776263028,0.0495286257829004,0.05164963912739057,0.9647227453577883,0.9955975422709664,2.418925912453031e-06,2.3814954761506424e-06,0.926629590722295,0.9026046548435467,0.06502988704812498,0.06558546615664584,0.9025433736041935,0.9958052557827033,1.9572731229858917e-06,1.955470713412099e-06,1.1704236103419685,1.1329274078556382,0.07886968653401137,0.07604452282887564,0.9432760122757958,0.9871311831150167,2.149101065911034e-06,1.5009232890021866e-06
Moderate_C6_P2_03,C6,P2,03,Moderate,Medium_SCS.xlsx,346.884,23.81,42.8,7.67,25.72,24.957233306060647,26.444697653681658,0.00267254790064797,0.0054987825739408495,0.0023852402675621433,275.71247243354713,-8.870100461024023,4.34e-06,0.00024115973860715467,0.0004171868179019212,4.5419212294274994e-05,7.500220486377797,1.1932037657847685,4.36e-06,1376.1467889908258,1463.4146341463415,4.1e-06,1.5199999999999998e-06,2.4000000000000024e-07,2.2399999999999997e-06,5.3805972564108816e-14,7.124471618848256e-10,6.299114143051108e-05,3.3457764722335037e-09,0.47495135126644167,4.397293042617125,1.3452320197694605,6.222069508265786,2.4291787459345153,0.5833438944651874,0.6542622359068538,0.00026717497503173364,1.5629788116147666e-05,0.7274119448698315,2.290503713497011e-05,0.1914241960183767,2.0427723169648215e-05,0.9571209800918835,1.8899486129336455e-05,0.7274119448698315,1.7425025354071873e-05,0.9571209800918835,1.2211963519528563e-05,0.5359877488514548,1.0868530934245828e-05,1.1212720978973625,1.4268814265065157,0.27029722205356943,0.28768050564654196,0.04156535241965463,0.04698388670342559,0.8193148892398481,0.9382029479769926,9.951149874583552e-07,7.792629652728739e-07,0.5168924058434937,0.5073133802923288,0.04807199521364755,0.05528118503996286,0.9346500370793924,0.9628591781668874,1.262823311047974e-06,1.0348351631727498e-06,0.7068421747041622,0.6953824724662228,0.04933507527642454,0.052901174270386535,0.9589095967760916,0.9951391314235679,2.4928950194530107e-06,2.3954205468332985e-06,0.9281026435457158,0.9073595297356831,0.06314162835177037,0.06359270737538446,0.9041534340938819,0.9854655987632217,1.9615267013226848e-06,1.9207117864125638e-06,1.1642238734341832,1.138786365827745,0.07724535922801445,0.07223098378815952,0.9658698817832718,0.9896321055372337,2.195664651289448e-06,1.4955333313248954e-06
Moderate_C6_P2_04,C6,P2,04,Moderate,Medium_SCS.xlsx,346.884,23.81,42.8,7.67,25.72,23.255756475683683,22.33565769780045,0.00268623726160076,0.005412305879141493,0.0023791230474000994,273.362854692702,-8.987107977037603,4.42e-06,0.0002523786299380339,0.0004147611633484613,4.5868721179813325e-05,8.127273571762776,1.5546236418852268,4.36e-06,1376.1467889908258,1463.4146341463415,4.1e-06,1.4799999999999998e-06,2.6000000000000005e-07,2.14e-06,5.494996516013839e-14,7.319631201904841e-10,7.644911953115689e-05,5.707062932164929e-09,0.4980193094133929,4.355577536000927,1.8032985762024816,6.159764568416754,3.5314443494307035,0.5822201774742808,0.682125058567204,0.0002661549964227564,1.647022184421695e-05,0.7274119448698315,2.188812238364495e-05,0.1914241960183767,2.133336753967707e-05,0.9571209800918835,1.7940658822781863e-05,0.6891271056661561,1.7655768304147204e-05,0.9188361408882082,1.2807881609352886e-05,0.5359877488514548,1.0912333832888672e-05,1.02600404352159,1.378507973773446,0.278110964820828,0.30817863131840306,0.05922852952632032,0.06453657812916018,0.8299836356062678,0.8979525785006509,8.544689201874391e-07,7.845519267509372e-07,0.5112792883934406,0.510927001886266,0.04840039623686578,0.050263675122157736,0.9398232002827686,0.9489716296372708,1.2542679770468909e-06,9.617818294560759e-07,0.7067210372403375,0.6942785253053394,0.048209651792958906,0.05143242026935098,0.9536363958131494,0.9929669097282203,2.411926822200979e-06,2.3330558644092606e-06,0.9280619823811622,0.903074499082783,0.0626741891657524,0.06396636950822593,0.9105696583981551,0.9967656783216903,1.9748864189643377e-06,2.0403553446520644e-06,1.1661523715749913,1.129748033495277,0.07798262754599283,0.07361788314049363,0.9547137546544364,0.9716813126498511,2.0070918482796817e-06,1.3870886678801916e-06
Moderate_C6_P2_05,C6,P2,05,Moderate,Medium_SCS.xlsx,346.884,23.81,42.8,7.67,25.72,24.449746900654898,24.767785646532285,0.00263949310224976,0.00550345698987595,0.0023332841107303404,291.9761588816209,-9.68137173287775,4.4e-06,0.0002508287752066004,0.0004081114370915707,4.315793987814701e-05,9.493352485273817,1.568511381877912,4.36e-06,1376.1467889908258,1463.4146341463415,4.1e-06,1.5600000000000003e-06,2.4000000000000024e-07,8.200000000000002e-07,4.8462815034335266e-14,6.534482121968888e-10,8.492545198567376e-05,3.285181704353245e-09,0.4569413741829548,4.464143340921539,1.5903832610142332,6.216876358554854,3.0363210002179817,0.590084668810202,0.6752114112174608,0.0002663253149917551,1.5482602328438853e-05,0.7274119448698315,2.2378933831597344e-05,0.9571209800918835,1.914691236109094e-05,0.15313935681470137,1.593625175138788e-05,0.7274119448698315,1.735955026602449e-05,0.9571209800918835,1.2267880806351236e-05,0.5359877488514548,9.230986843161356e-06,1.1688011226433133,1.415040553866213,0.28633995898708114,0.306002469388564,0.046876714074162176,0.05330333579253643,0.8866483485725273,0.9859556823089101,9.445082770545067e-07,7.828617898812763e-07,0.5146564209407963,0.5106064278486676,0.04708510286469897,0.0507275502753546,0.9425714692013009,0.9669929116912805,1.1256521199030889e-06,9.033687356735774e-07,0.7062273392607235,0.6958233035692825,0.0475126603939689,0.050352649406241505,0.9546934523427474,0.9869859647479402,2.4704106952698414e-06,2.3835669899522433e-06,0.9291449520154687,0.9033771570596242,0.06000367871697661,0.06345326614113236,0.9194828058603248,0.9954101265574912,2.033548081025351e-06,2.0338187615562267e-06,1.1644722627966881,1.1357049599065996,0.07962082458224977,0.07438779839283491,0.9566653622541977,0.9877695883449158,2.022320797185936e-06,1.3578912340808725e-06
Moderate_C6_P2_06,C6,P2,06,Moderate,Medium_SCS.xlsx,346.884,23.81,42.8,7.67,25.72,23.82897683377039,27.717733335027223,0.0026461708392999,0.00544970120662229,0.0023667000560149143,290.04855268788344,-9.439802781293412,4.36e-06,0.00023912574551234446,0.0004002447111261199,4.146451493678027e-05,8.770132396763982,1.2078546763232147,4.36e-06,1376.1467889908258,1463.4146341463415,4.1e-06,2.9e-06,2.6000000000000005e-07,8.600000000000002e-07,4.4657835931847524e-14,6.297355738639147e-10,5.228533565995004e-05,3.36961699421567e-09,0.41648868596780364,4.379643535551557,1.3234664831284457,6.166615157055039,2.2323799892520677,0.5839146424339503,0.6567854875219175,0.0002658444707712821,1.4613177933358838e-05,0.7274119448698315,2.1019803552746098e-05,0.9571209800918835,2.0021302100075563e-05,0.1914241960183767,1.736964273253774e-05,0.7274119448698315,1.5641787690516262e-05,0.9188361408882082,1.280870395452149e-05,0.5359877488514548,9.708271604383889e-06,1.0498719013282791,1.2211841670218728,0.2732266179564865,0.29230403915988656,0.04516346420544936,0.05300932629568083,0.8385443950516428,0.9760194945867374,8.755536670916668e-07,7.075040715614515e-07,0.5104123350027437,0.509247572958527,0.04611480230773324,0.04515557767950972,0.9461824011508194,0.937496352896606,1.2150319717557218e-06,9.40718349914597e-07,0.7043569850745527,0.6931795202323499,0.05098321876775691,0.053694690622738434,0.9706721447119164,0.9976905622662505,2.3137805520802567e-06,2.1667645029816997e-06,0.9263204075279808,0.9031727451578947,0.06289779569462163,0.06369373166638798,0.9026776003479693,0.9860323828080069,2.0765855471681754e-06,1.973973933805196e-06,1.1665885448151043,1.1375533483602565,0.07942833163979209,0.07334309292386644,0.9663102596334454,0.9812824575607298,2.048777203461371e-06,1.4247577378979864e-06
Moderate_C6_P2_07,C6,P2,07,Moderate,Medium_SCS.xlsx,346.884,23.81,42.8,7.67,25.72,22.780284126589105,24.203576793149573,0.00266920903212289,0.00551781412453376,0.002390040969579898,280.5099794838718,-8.90368770269618,4.32e-06,0.00023441231814251977,0.0004038440372368515,4.5035279736140256e-05,7.202841042273308,1.2593215149362764,4.38e-06,1369.86301369863,1463.4146341463415,4.1e-06,2.5000000000000006e-06,2.6000000000000005e-07,2.2799999999999998e-06,5.297524368299592e-14,7.173136962100577e-10,6.676189427601517e-05,3.4370233904416084e-09,0.5224554958034618,4.3959001496096715,1.351376637762138,6.208001042938328,2.382917225111167,0.5839344263579226,0.660786430113531,0.0002681861691036781,1.579193776054496e-05,0.7274119448698315,2.297574706099302e-05,0.1914241960183767,1.738810432407747e-05,0.9571209800918835,1.7012532247769695e-05,0.7274119448698315,1.7584706798939407e-05,0.9188361408882082,1.2276550349454222e-05,0.5359877488514548,1.0447282067655286e-05,1.3213485099597535,1.4323816435404044,0.281308804847276,0.3091303875023738,0.04818768916552055,0.05279368523526267,0.914313206461841,0.9756358594822286,8.94898250801899e-07,8.455228138091901e-07,0.5048410110205716,0.5037764598255595,0.05092843114631213,0.053651235027003585,0.971886523702094,0.983760776589885,1.3268919507241867e-06,1.122324934119625e-06,0.7035772685745272,0.693277642619746,0.05009804101098823,0.0531666120458246,0.9672564732433782,0.997233441241404,2.4831668268317723e-06,2.3890183346157584e-06,0.9276600957815401,0.9020062113145495,0.061998748159772604,0.06418920863290858,0.9114307040854629,0.9953507633196251,1.9237461345895952e-06,1.8915903899217622e-06,1.1670342828277696,1.137354662135876,0.08084749451312262,0.07655139121641673,0.9539758053102444,0.9843316845759228,2.0513891959614055e-06,1.298104305458434e-06
Moderate_C6_P2_08,C6,P2,08,Moderate,Medium_SCS.xlsx,346.884,23.81,42.8,7.67,25.72,23.31863348057805,25.167076298245735,0.00271394987035886,0.00551814801138626,0.002419875459079797,289.4556303041326,-9.67818905623053,4.38e-06,0.0002500619840685553,0.0004267495507885618,4.484713627012515e-05,8.183963075792866,1.230625327136485,4.36e-06,1376.1467889908258,1456.3106796116504,4.12e-06,8.800000000000005e-07,2.4000000000000024e-07,2.1599999999999996e-06,5.253323670254552e-14,6.899045158712961e-10,7.49234884491083e-05,4.4657370549011905e-09,0.4209921895168267,4.379366630464664,1.314969164508179,6.186218569521307,2.3282025826745176,0.583825734157408,0.6564487490286883,0.00027165731664475915,1.5743041789237467e-05,0.7274119448698315,2.0925332764987183e-05,0.9571209800918835,1.6978885582577013e-05,0.1914241960183767,1.6553690921503013e-05,0.6508422664624809,1.5748448029253158e-05,0.9188361408882082,1.1613162430213902e-05,1.0719754977029097,8.118675191350452e-06,1.2324325663650901,1.3560859729469155,0.2801046212475569,0.3082126840262653,0.05344426151650416,0.05815287771682361,0.8959514457789007,0.9880571406420099,7.69234794130924e-07,7.809315076697234e-07,0.5091108738118395,0.5112081727563733,0.04724960710662015,0.049694118191539814,0.9404715927455375,0.9582376274264104,1.378570541187478e-06,1.1673672417116018e-06,0.701958330825046,0.6902757387153617,0.0515201463239299,0.05330243120254111,0.9793086353922745,0.9993440766894403,2.458123493321033e-06,2.35322265049378e-06,0.9250968810509971,0.8990824249059644,0.06536526034870886,0.06551944978803259,0.9100164950440585,0.99707653099636,1.9350132611315445e-06,1.9979472621566677e-06,1.163592526045373,1.1357897335939635,0.0803032616538966,0.0766314668603401,0.9703192541269946,0.9862495799865079,2.203660726937165e-06,1.4296558973176107e-06
Moderate_C6_P2_09,C6,P2,09,Moderate,Medium_SCS.xlsx,346.884,23.81,42.8,7.67,25.72,25.514578658592775,25.98294106993881,0.002743665800232,0.005521486879911337,0.002437844946841288,285.2275852757123,-9.225024841956536,4.32e-06,0.00025088660905379527,0.00041435458940637833,4.2907045727798956e-05,9.964042557558779,1.535365432233628,4.36e-06,1376.1467889908258,1470.5882352941178,4.08e-06,2.1e-06,2.6000000000000005e-07,8.4e-07,4.808558362258371e-14,6.706015894141836e-10,6.170033491979013e-05,5.747522932854305e-09,0.4918935675869074,4.343017339322841,1.6663738092319902,6.176644879387716,3.1459041761027637,0.5782388396037288,0.6785807641301594,0.00026963759677275717,1.536172659529361e-05,0.7274119448698315,2.4434619341708402e-05,0.9571209800918835,1.687858877370107e-05,0.15313935681470137,1.545423016026675e-05,0.7274119448698315,1.8707366074543003e-05,0.9188361408882082,1.34771778446826e-05,0.5359877488514548,8.720869595136636e-06,1.447669483607011,1.3880773038731298,0.27879773774749145,0.31511667872344745,0.04463953778899315,0.05457101370121379,0.8812053643312351,0.969620055345006,1.0369770997050925e-06,7.523733556322239e-07,0.5105868009071819,0.5087455064665534,0.04528963222150128,0.051257594577020095,0.9456364888236124,0.9792840725068435,1.360025405705324e-06,9.75602766172675e-07,0.7087539502433728,0.6961952673784327,0.04653272203848862,0.05046747512148315,0.940414170252454,0.9880000698611299,2.5065355966881275e-06,2.4329588927483653e-06,0.9234542034590809,0.8982063610342881,0.0627370292206258,0.061547958980792836,0.9190799729476516,0.9863727760287746,1.8920909769721896e-06,1.9033325532602901e-06,1.1708938123223334,1.1433717605802698,0.07844616184275335,0.07529254015590053,0.9549084875235562,0.9893756293606537,1.993797374460182e-06,1.3188026367897066e-06
Moderate_C6_P2_10,C6,P2,10,Moderate,Medium_SCS.xlsx,346.884,23.81,42.8,7.67,25.72,24.898061473903127,24.772787384781093,0.00271762262573644,0.005485093212988058,0.0024094995073587295,288.66283624451694,-9.360242247328971,4.32e-06,0.0002555318007457558,0.00042709862520618754,4.289944410767665e-05,10.133534724688001,1.7036667133345627,4.36e-06,1376.1467889908258,1463.4146341463415,4.1e-06,2.1800000000000003e-06,2.6000000000000005e-07,2.1e-06,4.8019732888299294e-14,6.469656874877502e-10,7.915965411121713e-05,5.36383993089193e-09,0.442851654515627,4.365103729257069,1.803345369970369,6.176928791591349,3.4679008804882665,0.5801381073141703,0.6832528602785831,0.0002678175233200377,1.5562320157988195e-05,0.7274119448698315,2.1562892953528836e-05,0.9571209800918835,1.869584868218844e-05,0.1914241960183767,1.656704151622031e-05,0.6891271056661561,1.710178013092136e-05,0.9188361408882082,1.2661288898559998e-05,1.1102603369065849,8.931107692112755e-06,1.1533518572344874,1.350713889969962,0.283372638367189,0.2983107836595237,0.049278307020208426,0.049898590808549366,0.936930680909464,0.9676846125355388,9.346967135153166e-07,5.957026510948072e-07,0.5137119444699161,0.5041104085334173,0.051192349107570125,0.05951495613549071,0.9543212124558733,0.950329479320558,1.210778620155219e-06,8.866084669710118e-07,0.7055834713046785,0.6917192954592052,0.049152969879074755,0.05199336373561053,0.9621569127025482,0.9964767133796117,2.429894729246611e-06,2.3382775714294853e-06,0.9249495967045174,0.9020677840523841,0.06283879509452803,0.06316874100650495,0.9170487825576868,0.9905750690866619,2.005588987654152e-06,1.9644620829553357e-06,1.172229354957024,1.1364277644306802,0.07721479241189462,0.0716296589502739,0.9319838694338951,0.985174989317986,1.9837372323813017e-06,1.4353179040388845e-06
Moderate_C6_P3_01,C6,P3,01,Moderate,Medium_SCS.xlsx,346.884,23.81,42.8,7.67,25.72,23.434695120896286,21.206136205245944,0.00271428375721136,0.005440018487899584,0.0024461852356205743,278.46349569770285,-8.98025763705919,3.68e-06,0.0001940303714935741,0.0003318069296540753,3.629411246048653e-05,7.283605085744718,1.2855823038703058,3.66e-06,1639.344262295082,1744.1860465116279,3.44e-06,7.400000000000001e-07,2.399999999999998e-07,1.8000000000000001e-06,3.4382995931612365e-14,6.216623281763471e-10,6.356359073107715e-05,6.944842162865516e-09,0.49447118884755403,4.304211735976635,1.9449179395678018,6.126340583807683,3.62725236006311,0.5753004971082788,0.6975147970896254,0.00026868348423338763,1.3851128054108624e-05,0.8805513016845329,2.1394435878704643e-05,0.22970903522205205,1.7455411109850194e-05,1.14854517611026,1.709077950688696e-05,0.1914241960183767,1.490586238134113e-05,0.9188361408882082,1.4600723016863088e-05,0.6891271056661561,9.863328100696462e-06,1.2256620321574438,1.020898851599799,0.28769185992988594,0.2937459593097795,0.052704396530217135,0.05061033430852782,0.8710544999648446,0.9277993782611622,1.3558576931824189e-06,1.1836773868489412e-06,0.5020918476493438,0.4860211319933904,0.05172525085055255,0.044882273050275576,0.9908829076974105,0.9464355631412518,1.2399148181541195e-06,1.0299859758048466e-06,0.6559024054038848,0.6828940302596442,0.040391579046116975,0.04954661388550533,0.8300689073785503,0.9780950746466013,1.1457090388645626e-06,1.1936011937820612e-06,0.8984707284587923,0.9052315877254139,0.050128941396730874,0.05933101343824225,0.927695562311983,0.9860465034207615,2.8669272561820877e-06,2.3587083680362723e-06,1.1614974902813258,1.1206944173653763,0.0640619519820404,0.06916810820541051,0.9534952855058747,0.9443611925300798,2.614739632774338e-06,1.4969141040239616e-06
Moderate_C6_P3_02,C6,P3,02,Moderate,Medium_SCS.xlsx,346.884,23.81,42.8,7.67,25.72,23.9342594209413,27.235417564918457,0.0026414964233648,0.005466395549247642,0.0023723365727160847,291.53332963183317,-9.482845212602756,3.68e-06,0.00020726350072587673,0.0003333096382517433,3.6479823092823636e-05,8.30856468974107,1.5698021952793764,3.68e-06,1630.4347826086957,1754.3859649122808,3.42e-06,7.199999999999999e-07,2.000000000000002e-07,1.76e-06,3.46712239168996e-14,5.730888800241866e-10,5.624253079700381e-05,3.6642842412710213e-09,0.462815471299915,4.396963672932823,1.5740384439704598,6.177063573048814,2.8314459080628525,0.5837695755024951,0.6774592114162729,0.0002661238134269096,1.3646234665447967e-05,0.8805513016845329,2.04920610410913e-05,1.14854517611026,1.7107701099467165e-05,0.22970903522205205,1.645841124171979e-05,0.9188361408882082,1.4331323922205497e-05,0.1914241960183767,1.3644816031493395e-05,0.6508422664624809,1.0699406878505172e-05,1.197826623467423,1.050312649054039,0.28483935904980745,0.29200509192965046,0.04976786364310999,0.051534763587663325,0.9300453264599795,0.965476665556521,1.5483652992736989e-06,1.2152147790025078e-06,0.4914437879591423,0.4802664992068226,0.05210674026265065,0.04454202700991777,0.9693990806256478,0.9027024352289225,1.0560652378278239e-06,9.394318358327926e-07,0.65607243506745,0.6795583169589865,0.039984476897897574,0.049783013561295344,0.8351362386446363,0.964476311857343,1.1338432523654158e-06,1.1423029808007302e-06,0.9005646804910847,0.9099662039442042,0.05067243268319469,0.057837237131356765,0.9321631580476234,0.9751088190062673,2.799474767936472e-06,2.3298825816575107e-06,1.1543550756221164,1.1177500946504797,0.06308326395106059,0.06822162284839008,0.956301021428814,0.9496077326319226,2.6805765845170547e-06,1.5875053316337098e-06
Moderate_C6_P3_03,C6,P3,03,Moderate,Medium_SCS.xlsx,346.884,23.81,42.8,7.67,25.72,23.22722005361458,27.929125154178717,0.00263782366798722,0.005526161295846437,0.002395623956689575,305.44766522242696,-9.705260502313786,3.66e-06,0.00020908996402895432,0.00035446477154872386,3.7350768461558316e-05,8.015205306791813,1.2161218191989462,3.66e-06,1639.344262295082,1754.3859649122808,3.42e-06,9.999999999999997e-07,2.399999999999998e-07,8.200000000000002e-07,3.635884818030334e-14,6.115500240000223e-10,5.0933414593654284e-05,3.4171895158830516e-09,0.4903274005827638,4.385702017388438,1.394156451453803,6.1890521927216895,2.225354433830165,0.5814077764132942,0.6643511555175801,0.0002670329116705322,1.3544928860849667e-05,0.22970903522205205,2.1310575961235147e-05,0.8805513016845329,2.1290859085025487e-05,0.6508422664624809,1.6844383402238905e-05,0.22970903522205205,1.6760090024232367e-05,0.8805513016845329,1.4777510863020909e-05,0.6508422664624809,1.3266540357748741e-05,1.000926025352237,1.134161838582085,0.2774694486161905,0.277038936475245,0.0505277830557343,0.04711551133357979,0.8477134625465962,0.8605943147810659,1.399826900626147e-06,1.183124923779577e-06,0.4989140622970995,0.4833751077960379,0.05380233870177119,0.04788053801478829,0.9675432939469573,0.9478101947164244,1.1402377518484839e-06,1.070935574576557e-06,0.6601330139024049,0.6766172883253238,0.04021017918551613,0.043148652695172665,0.8184931938087673,0.9131979052619191,1.2631111676499487e-06,1.266304692563623e-06,0.8963202721890143,0.9033270689338474,0.05102173110804253,0.059078512631705035,0.9354263223000168,0.9851848343182963,2.8482842429490836e-06,2.368888568629394e-06,1.1575872057994616,1.116213106641895,0.06478403146977826,0.06583002445572163,0.9597013177896349,0.9368310702609671,2.625393543842754e-06,1.4443867117687737e-06
Moderate_C6_P3_04,C6,P3,04,Moderate,Medium_SCS.xlsx,346.884,23.81,42.8,7.67,25.72,23.451037641879754,25.78826685934354,0.0027019299436686,0.005500118121350869,0.002428714990906775,282.55833416054935,-8.912018742511837,3.64e-06,0.00022187254079550375,0.0003736053050993129,3.850139341442964e-05,8.789202587485157,1.184617484315807,3.68e-06,1630.4347826086957,1754.3859649122808,3.42e-06,1.86e-06,2.399999999999998e-07,8.200000000000002e-07,3.8630020021117173e-14,6.092024403562647e-10,6.125764782975504e-05,4.544845815428841e-09,0.464193454349073,4.337884253519712,1.4313055728483657,6.158927587676839,2.3878012908037864,0.5790976239137894,0.6675629536003561,0.00026911901928429634,1.4120605176750259e-05,0.22970903522205205,2.232792349037851e-05,0.8805513016845329,2.142349728339463e-05,1.14854517611026,1.7618249354507748e-05,0.22970903522205205,1.633276900101451e-05,0.8805513016845329,1.5068594548607436e-05,0.4594180704441041,1.1677837010849633e-05,1.0422165042804845,1.083894577190633,0.2759248013356889,0.274141582789397,0.046630357995868024,0.04671109037683874,0.8505245424086626,0.7979059539803885,1.5608563417808497e-06,1.0176849124071553e-06,0.49683155374355664,0.48636347085198645,0.04916656382898808,0.04168997552631171,0.9828569155004295,0.9141823541354213,1.3990275903030406e-06,1.2698515412713485e-06,0.6620505081432779,0.6796567068361534,0.04450403433398105,0.048794709501109,0.8725437552472283,0.9567762058753474,1.306186826377927e-06,1.2775140639409208e-06,0.8954763880470211,0.9056221848736286,0.04991022149418639,0.05937330675132881,0.9250920652510989,0.9853696013999304,2.7988406995771163e-06,2.347331909182888e-06,1.1561706271290388,1.1191011000291662,0.06351621195183585,0.06671996538038455,0.9571274000142672,0.9502706023162806,2.6907987963637143e-06,1.7140134012014156e-06
Moderate_C6_P3_05,C6,P3,05,Moderate,Medium_SCS.xlsx,346.884,23.81,42.8,7.67,25.72,22.61742767729812,25.546281211692346,0.00273798972373938,0.005557212773129607,0.0024904962019943267,276.76983250371177,-8.865631149846307,3.66e-06,0.00018036049501156048,0.00033534852745933594,3.720540803990474e-05,5.07104063985661,0.3805147452473121,3.72e-06,1612.9032258064517,1744.1860465116279,3.44e-06,1.6599999999999998e-06,2.000000000000002e-07,1.8399999999999997e-06,3.60313175467635e-14,6.426573323827123e-10,5.4509363536630144e-05,4.2973545170355176e-09,0.45088077641880175,4.258721167051861,1.4306166787748702,6.114925893686485,2.3590706566487745,0.5747206957806783,0.6651302622481388,0.00027340243338094003,1.3518416262201703e-05,0.8805513016845329,2.252749867962821e-05,0.22970903522205205,2.1826676091381794e-05,1.14854517611026,1.8333291410791408e-05,0.9188361408882082,1.587191745839633e-05,0.22970903522205205,1.4946336247040613e-05,0.6508422664624809,1.2058782327874664e-05,1.0321084874858544,1.0619268919239049,0.28706290045932703,0.2952770196210203,0.054543861003712675,0.05467072369062634,0.8855201949669673,0.8462369847201887,1.6340162825209574e-06,1.2201784650257044e-06,0.4917102757774868,0.47586847782751884,0.05255375026924474,0.04435670807037596,0.9807934389716507,0.9121325334269853,1.3507934307181829e-06,1.0961963340079897e-06,0.6586741998080297,0.680653022011656,0.04421376156608762,0.048528871740036714,0.8151863480536942,0.9644128599788651,1.1895942921910695e-06,1.2172149986110474e-06,0.8934517793620202,0.9025353072519245,0.05029928499412765,0.058731717574272556,0.9259595800577559,0.981846279406097,2.918471663385166e-06,2.3585118346678786e-06,1.1587101856438737,1.1144817350825673,0.06325843910030987,0.06675481480973743,0.9497975473326108,0.9187324574976098,2.7129056189794493e-06,1.54416098382813e-06
Moderate_C6_P3_06,C6,P3,06,Moderate,Medium_SCS.xlsx,346.884,23.81,42.8,7.67,25.72,23.926025340916503,21.388990435541793,0.002789742185878,0.005588932024117779,0.0025170581882695553,283.96302174258614,-9.188936930953929,3.68e-06,0.0002055838090228178,0.00034293681010284967,3.7930757880058886e-05,7.8716257669247,1.407654333656911,3.68e-06,1630.4347826086957,1754.3859649122808,3.42e-06,6.999999999999997e-07,2.399999999999998e-07,1.8000000000000001e-06,3.75799497516879e-14,5.952069832345644e-10,7.289513747716267e-05,3.991120493613791e-09,0.4973705927113385,4.304757913708434,1.884067597663885,6.17263019033803,3.5892492178735633,0.5734481635776267,0.6933906667158575,0.00027494547516637084,1.4447530137131062e-05,0.8805513016845329,2.1624491230480523e-05,1.14854517611026,1.67314471363281e-05,0.6508422664624809,1.4836783626052387e-05,0.1914241960183767,1.67019971460373e-05,0.9188361408882082,1.5244479982057699e-05,0.6891271056661561,1.1053593388621945e-05,1.2924458812102715,1.095609431747467,0.2908553789536622,0.2989094062947748,0.05414083940964161,0.052844333510899816,0.9001924872873877,0.9249127351619768,1.3423700496075695e-06,9.4642208156877e-07,0.49930204658039573,0.48421281529259597,0.0540486695063856,0.04839988700513852,0.9778657780061475,0.9640117185059677,1.2359508247815112e-06,1.1080738547088336e-06,0.657961208757986,0.6868765136173655,0.04090295944539578,0.05013990061550046,0.8486028560852328,0.9853888103532292,1.2602713444777501e-06,1.3711544991249642e-06,0.8964242126256308,0.9029986647437376,0.05167993220890378,0.0603962663777292,0.9398749666145698,0.9907050286274439,2.9571608561478574e-06,2.485878565515557e-06,1.1542270437498106,1.1171929137070233,0.06317537102270959,0.06666383865065778,0.9576153219975512,0.9442958580031318,2.6078532872509425e-06,1.4753688579605636e-06
Moderate_C6_P3_07,C6,P3,07,Moderate,Medium_SCS.xlsx,346.884,23.81,42.8,7.67,25.72,22.707009998541693,26.145713787364283,0.00272630368390163,0.005528498503813976,0.002498086656976258,297.1488983019972,-9.29812929195244,3.64e-06,0.00018523949501186764,0.00033662874757701424,3.632053365211662e-05,6.575650394439119,0.7548592297993477,3.7e-06,1621.6216216216217,1734.1040462427748,3.46e-06,7.599999999999999e-07,2.000000000000002e-07,1.8599999999999996e-06,3.4367181470978106e-14,5.680068055535323e-10,5.26323039217323e-05,5.691325255850038e-09,0.45523137560631055,4.256850566061672,1.8491009183742753,6.12966053979989,3.4431990294581274,0.5710652279246078,0.6913770651403875,0.00027099740673628157,1.3854863068845426e-05,0.8805513016845329,2.1088037156308495e-05,1.14854517611026,1.8623902434027287e-05,0.30627871362940273,1.581310070216764e-05,0.9188361408882082,1.51376712548727e-05,0.30627871362940273,1.2755506324590328e-05,0.6508422664624809,1.0387894233795645e-05,1.1323102716361302,1.1867557181116573,0.28869464638127135,0.2958569894695426,0.05001445551867143,0.04833380671649435,0.9338782405843221,0.9677109187817572,1.7417937914308942e-06,1.4276581510618728e-06,0.4949850289462367,0.47359447670834875,0.05575256512747752,0.04523721741604128,0.9273143510498445,0.8924062860519757,1.0336728814198665e-06,8.347211801174437e-07,0.6624002818386362,0.6858474130008324,0.04408356666058617,0.049825558897657114,0.8790369487395333,0.9704263947443393,1.1897218854776579e-06,1.114792344899631e-06,0.8965835500313815,0.9077891257481514,0.050048902947933356,0.05952541498928934,0.9252852607220912,0.9849505269097131,2.8422259085158173e-06,2.3957967358471356e-06,1.1526721319238475,1.1215605288310935,0.06339111442684416,0.06703349075049043,0.9546617257106583,0.9533476099918842,2.6996626941945285e-06,1.615577267533449e-06
Moderate_C6_P3_08,C6,P3,08,Moderate,Medium_SCS.xlsx,346.884,23.81,42.8,7.67,25.72,22.479456204745503,23.927346505038418,0.00272997643927921,0.0055328390328965756,0.0024843974958720684,290.5422926299568,-9.306308080322227,3.7e-06,0.00019124905972515993,0.000334901843235515,3.60030223685953e-05,7.362707574950532,1.0240697106629326,3.68e-06,1630.4347826086957,1744.1860465116279,3.44e-06,2.0599999999999998e-06,2.399999999999998e-07,1.82e-06,3.37734395455289e-14,5.840164373391787e-10,7.583670690731933e-05,3.990776876776231e-09,0.48337979980729096,4.2844451228120475,1.9214917943123708,6.1504080760266575,3.581546190402066,0.5731185838334587,0.695746049602692,0.0002710933502929287,1.3716690115440577e-05,0.8805513016845329,2.209140344814607e-05,0.22970903522205205,1.865955092183682e-05,1.14854517611026,1.6676405537072135e-05,0.8805513016845329,1.559643592181556e-05,0.22970903522205205,1.268273041470199e-05,0.6891271056661561,1.0470549861164741e-05,1.1839192892029222,1.2297379335602712,0.2898018693724812,0.29450956324179256,0.052667594286414626,0.05429647940179796,0.9264773909162785,0.9098006184401559,1.6217309202737032e-06,1.1272404530920747e-06,0.4980080736180447,0.4803652651304002,0.0520858835629448,0.04363392408110871,0.9543874287657982,0.8889207071599492,1.0422946085109515e-06,8.651296272684837e-07,0.6503680675773482,0.6770713959257945,0.03442744443685205,0.05018710896732396,0.7663125575883251,0.9674070240436148,1.1772484330758352e-06,1.2197957936810444e-06,0.8964581924000419,0.9054608316371504,0.05129967409266797,0.060372562771901846,0.9374151481647902,0.9888845333678881,2.902805176718157e-06,2.463014148256714e-06,1.159625402198802,1.1191937285007116,0.06450125351700929,0.06609454479825227,0.9514644889937505,0.9450312527645046,2.6621784175441455e-06,1.501523666568806e-06
Moderate_C6_P3_09,C6,P3,09,Moderate,Medium_SCS.xlsx,346.884,23.81,42.8,7.67,25.72,23.144316192901464,25.661369023771627,0.00271628707832641,0.00554986726237445,0.0024558654942975246,296.58598377519246,-9.416053407631177,3.7e-06,0.0002041392416728242,0.0003688965353387016,3.841432494153216e-05,7.0554484395475985,0.9829482374255113,3.72e-06,1612.9032258064517,1754.3859649122808,3.42e-06,7.399999999999997e-07,2.2e-07,1.76e-06,3.8477709330992057e-14,6.154166186730549e-10,7.277818071989452e-05,5.416640911144233e-09,0.49956606331389464,4.311572297810371,1.4342886993043538,6.140933973333878,2.28592631003258,0.5755298718893238,0.6717417385943395,0.00026987969984097174,1.4425008135603148e-05,0.8805513016845329,2.1966551305441968e-05,0.22970903522205205,2.071178144458577e-05,1.14854517611026,1.712310430232409e-05,0.22970903522205205,1.6218340176605505e-05,0.8805513016845329,1.5179998239938498e-05,0.6891271056661561,1.1302646968591398e-05,1.0605823696832142,1.068401909661177,0.27935058335365753,0.2891391830001001,0.051154512795570296,0.05576381539411951,0.8772654132900364,0.9155218644256542,1.4417177947030887e-06,1.1766146611316658e-06,0.4927765276869653,0.4775791664227483,0.05207508968752985,0.04636115929760772,0.9824442836794215,0.9315760101877866,1.246647047366832e-06,1.0711540776864556e-06,0.6540841814319948,0.681859940903839,0.03983683267090252,0.05128262814657417,0.821143240427986,0.974653937162101,1.180512256007976e-06,1.300410682649522e-06,0.8950814702057728,0.9058170247717752,0.05230090604555828,0.06025636859000562,0.9441234091709115,0.9885807953114406,2.9098772494916516e-06,2.4782480604617987e-06,1.1582111066485685,1.1258139459625036,0.06399784346328433,0.07162704021704784,0.9506974410628974,0.9686104454465746,2.6743539901806157e-06,1.6339097915713125e-06
Moderate_C6_P3_10,C6,P3,10,Moderate,Medium_SCS.xlsx,346.884,23.81,42.8,7.67,25.72,24.17736717122887,25.66591226384976,0.00274066081855944,0.0055071297452535285,0.002476095334658803,295.8909629547301,-9.601008135809744,3.7e-06,0.00020983814260008783,0.00034288028376419036,3.670692387110511e-05,8.19008081172953,1.4629888754947007,3.68e-06,1630.4347826086957,1744.1860465116279,3.44e-06,6.800000000000003e-07,2.5999999999999963e-07,1.76e-06,3.5190615953471534e-14,5.855828039525312e-10,5.08056811031122e-05,4.566796880744075e-09,0.47935886948564727,4.3090917474594175,1.5883395858123088,6.1470011845093,2.797422287717714,0.5733305701257739,0.6768823503928451,0.00027045582357532904,1.3456501235426582e-05,0.9188361408882082,2.0815514818304665e-05,1.14854517611026,1.768491409980624e-05,0.22970903522205205,1.6992259100722888e-05,0.1914241960183767,1.7937776326330116e-05,0.9188361408882082,1.5379481347855925e-05,0.49770290964777947,1.0856870953394721e-05,1.177020907413501,1.1663446090453653,0.2772078085588682,0.2867007470366966,0.046813811347224406,0.051100336767480985,0.8111414468503468,0.8695530749087004,1.177325499287337e-06,9.643808298547073e-07,0.4930398285699417,0.4781020833579129,0.05274948167589543,0.04222304980763866,0.9463911227730959,0.8545661398357001,1.0460228004635423e-06,8.834561262877124e-07,0.6585734597844828,0.683481040998577,0.042567241282083466,0.05013186385813269,0.8358190234952028,0.9701023294504529,1.147254115947097e-06,1.2530852531128638e-06,0.8952709132292734,0.9049565033302042,0.04857365879312334,0.05748197336612817,0.9085931465018944,0.9768709133443263,2.7224609180452664e-06,2.2369318889802113e-06,1.154936721560492,1.1171039379751044,0.06215206310602845,0.06700421454723873,0.9485132064480946,0.9383760061416889,2.6197464159677614e-06,1.5848971529972016e-06
Moderate_C6_P4_01,C6,P4,01,Moderate,Medium_SCS.xlsx,346.884,23.81,42.8,7.67,25.72,24.96236332346902,25.5598405891875,0.00276069402970986,0.005478749362790413,0.0024667989548799642,275.2270053792766,-8.989177225801,3.88e-06,0.00022794391360438115,0.00041039178839104176,4.2311870538758696e-05,9.070349357494042,0.9348268102820938,3.94e-06,1522.8426395939084,1639.344262295082,3.66e-06,1.9200000000000003e-06,2.6000000000000005e-07,9.8e-07,4.674035005858093e-14,6.4656974084052e-10,5.5440129987597005e-05,5.050105301456593e-09,0.4794999513554715,4.272472617929335,1.2706009934163416,6.127568302747139,2.1357707710581297,0.5754494534425959,0.6528023038869877,0.00027096711822719474,1.4811770467677443e-05,0.6125574272588055,2.465180262688584e-05,0.8039816232771821,1.7508479470433838e-05,1.0719754977029097,1.718673946870382e-05,0.6125574272588055,2.1827177575889766e-05,0.8039816232771821,1.1508886515859495e-05,0.30627871362940273,1.1345359336841514e-05,1.4079921252169636,1.8965497356552878,0.2880964193518613,0.3087187808633129,0.045391052082255974,0.04951157169381848,0.9057507047581455,0.9712739884810065,1.427036023591407e-06,1.1307705649348336e-06,0.5113832642176415,0.4992685481746517,0.055436698789917395,0.0573671563424173,0.9737823433941969,0.9829066332438959,1.328272323201273e-06,1.1059498574351748e-06,0.6711731690993182,0.6707286973959533,0.05757425359105294,0.05290984099691065,0.9463930644183782,0.9609147333050573,1.858594412650018e-06,2.085851252439443e-06,0.8732626992312096,0.9022228817203524,0.061017178405654286,0.06810037847473602,0.9469262426475532,0.992654826709158,1.9939641757482812e-06,1.8056752138604638e-06,1.1211915630435794,1.1172346335981065,0.0719808294355773,0.07061993940392873,0.9535788140490116,0.9522289562511008,2.442713961270809e-06,1.4726429276414136e-06
Moderate_C6_P4_05,C6,P4,05,Moderate,Medium_SCS.xlsx,346.884,23.81,42.8,7.67,25.72,24.81522078138482,27.01946749409119,0.00267955952455062,0.005534174580306607,0.0024022282850162356,280.69526589368337,-8.880278323715977,3.96e-06,0.0002280647738684922,0.00039915350417758956,3.931925976925849e-05,11.56727983978862,1.3437974227964518,3.92e-06,1530.6122448979593,1639.344262295082,3.66e-06,1.7600000000000005e-06,2.4000000000000024e-07,9.200000000000001e-07,4.036674384526631e-14,5.913664196187137e-10,8.531181952047234e-05,3.264021392540596e-09,0.4430578796098185,4.385079243416563,1.8863595196365348,6.19795249178102,3.608339370489056,0.5818398519226675,0.6922899274298138,0.0002682369778647136,1.4799314031082947e-05,0.6125574272588055,2.4442925257787455e-05,0.8039816232771821,1.7416652989043355e-05,1.0719754977029097,1.5984435633336087e-05,0.6125574272588055,2.1414900560539737e-05,0.15313935681470137,1.3951135956824902e-05,0.7656967840735068,1.123492109181644e-05,1.403422567455509,1.5349932143031224,0.2858333300002008,0.29731122956459866,0.048176117711932226,0.05018336284296992,0.9481072281417832,0.9786542729977545,1.5010823525732046e-06,1.0782439739536772e-06,0.5153904116119071,0.49972743194099517,0.05226905170823192,0.055231170664296156,0.9490196400785904,0.9740612755803677,1.2112316148249136e-06,1.0142286806127875e-06,0.6735676070968241,0.6731815972767049,0.05935142985907921,0.05459474495610013,0.9434060285946322,0.9665497572983562,1.8455626650309372e-06,2.0889172142403807e-06,0.8743539502399027,0.9026105980191934,0.06190766290835576,0.06862330206971563,0.9497483960490465,0.9924268431123195,2.0143222982753583e-06,1.7657434544224818e-06,1.1203651957430178,1.1249533475766489,0.07069117405682893,0.07217522666489733,0.9469281556309198,0.9674727890182774,2.41031356208838e-06,1.6055929230006204e-06
Moderate_C6_P4_10,C6,P4,10,Moderate,Medium_SCS.xlsx,346.884,23.81,42.8,7.67,25.72,23.460398915568625,22.309610628686983,0.00275334851895471,0.005488432081513124,0.002491609589983955,282.4651191574883,-9.059778780778602,3.92e-06,0.00020968053633818096,0.0003887136350513544,4.128271412449809e-05,7.232725152198693,0.6199161384332411,3.94e-06,1522.8426395939084,1630.4347826086957,3.68e-06,1.0800000000000002e-06,2.6000000000000005e-07,9.599999999999997e-07,4.4480666624565485e-14,6.761916425765308e-10,7.947347432469045e-05,2.109350897312865e-09,0.3981091890769231,4.266419887917739,1.2999258607680384,6.136294293216247,2.3066510748408753,0.5724103294687402,0.6560602969736697,0.00027144200553303496,1.4568407244347906e-05,0.6125574272588055,2.4871224194801876e-05,1.0719754977029097,1.5963095974505716e-05,0.8039816232771821,1.5615745690191607e-05,0.6125574272588055,2.2798120456211684e-05,0.15313935681470137,1.7892627687732473e-05,0.7656967840735068,1.0370018471648721e-05,1.5580450481835146,1.2741627210898592,0.2851951422793035,0.30051576055199153,0.04974716031176149,0.05177163109672181,0.9425251691604649,0.9907483409687119,1.3007691546705623e-06,1.161552588481442e-06,0.5104747748247958,0.49828060890734405,0.056238741168562124,0.058427743764612676,0.9690754532592865,0.9672540310709332,1.31845631907293e-06,1.1553893304739683e-06,0.6701769538910475,0.6696518742048269,0.05791803502114938,0.053579715400490245,0.9323668379510743,0.9503480703848688,1.856764587795666e-06,2.088904038709727e-06,0.8771216036530547,0.9038751182019132,0.06222413056989735,0.06774189387156473,0.9524151165167443,0.9932447334648623,1.882484964728775e-06,1.6161396376828515e-06,1.1246992609682238,1.1251456994503284,0.0738285290901186,0.07279718099635638,0.9560294702133626,0.96964542117933,2.3260100316400036e-06,1.4667668311697665e-06
Moderate_C6_P5_01,C6,P5,01,Moderate,Medium_SCS.xlsx,346.884,23.81,42.8,7.67,25.72,24.03173426068232,22.62326721206389,0.00274934187672462,0.0054901015157756625,0.002486658316416304,263.7487956550721,-8.570513265622916,3.6e-06,0.00020516491682351937,0.00039428861799845473,4.4361780538532555e-05,4.49813017150146,0.4406111018188846,3.58e-06,1675.977653631285,1796.4071856287424,3.34e-06,1.28e-06,2.2e-07,2.7799999999999996e-06,5.1381968520914034e-14,7.469432062097141e-10,9.985817357192431e-05,5.168571417787705e-09,0.39254161170343577,4.280688493473221,2.0448589619508666,6.150217908427367,3.92336460912134,0.5724735147122181,0.6988171099459248,0.0002712694415761813,1.6691614067710644e-05,0.9188361408882082,2.3986664757590696e-05,0.22970903522205205,2.272249702487379e-05,1.1868300153139357,1.648343079157075e-05,0.15313935681470137,2.0413510590042488e-05,0.9188361408882082,1.6786974084334794e-05,0.6891271056661561,1.3468250780839914e-05,1.0556350244296668,1.2160326972244029,0.26955076983610493,0.28005938137092934,0.04406961478566035,0.05351541962860002,0.7561782160324949,0.821451036380887,1.3088358654252292e-06,9.374752637690161e-07,0.5001146800323858,0.49083789003448414,0.04128723323615933,0.03602636067046706,0.9103632814021998,0.8347058832117774,1.4009129220788648e-06,1.3279337043373164e-06,0.6644782742002233,0.6872526477395525,0.04450823090769401,0.05018239544414713,0.8892830247674632,0.9810136173251176,1.3499580137075866e-06,1.4126906190786642e-06,0.9208689662998767,0.9126856504255006,0.04890099893093918,0.05814499721184958,0.9028868371215545,0.9735846843138799,2.8097025281588736e-06,2.3473802112826067e-06,1.176229475481991,1.1297116522867858,0.06249964296090845,0.0714205494677728,0.9301744289668206,0.9745205927151698,2.348048554215563e-06,1.7355144201365516e-06
Moderate_C6_P5_02,C6,P5,02,Moderate,Medium_SCS.xlsx,346.884,23.81,42.8,7.67,25.72,22.88533512123806,21.59184689537275,0.00275000965042963,0.005548865601816918,0.0024920030375721967,263.5145869755938,-8.709167194318436,3.54e-06,0.00019601318325099837,0.00038132783378440186,4.0758141800817526e-05,5.5562340192243695,0.5345227943446466,3.56e-06,1685.3932584269664,1807.2289156626507,3.32e-06,1.0800000000000002e-06,2.399999999999998e-07,2.76e-06,4.331946798468834e-14,6.788502712960231e-10,7.448648846533493e-05,6.284690564214837e-09,0.37380211409640396,4.277526637029918,1.38231696302949,6.137628397181931,2.403962039686399,0.5749189117510021,0.6607181095727154,0.00027370574505361717,1.4525644071185188e-05,0.9188361408882082,2.30789674416432e-05,0.30627871362940273,1.8807717498371773e-05,1.1868300153139357,1.547302657421473e-05,0.15313935681470137,1.7456425670447858e-05,0.9571209800918835,1.5437606302331466e-05,0.6891271056661561,1.4218819621705052e-05,1.2271008545582602,1.130772750503344,0.28711246860808204,0.2885741477886142,0.04627270686687566,0.04557855995757297,0.8812012616511711,0.8415113818332851,1.5510003166067578e-06,9.035767014878399e-07,0.4951028674112393,0.49165958816717054,0.04542690267664853,0.03688327966804524,0.9548567624916763,0.8381544311580683,1.4131359053692246e-06,1.3173777866913258e-06,0.6656078795521428,0.6826416173592722,0.044235243415857495,0.04577733775033809,0.882824323075312,0.943158055663846,1.3989131928184446e-06,1.276716112671067e-06,0.9184651104343031,0.916731490288759,0.05067493171199254,0.05531544299532882,0.9188528005111488,0.9541511436816411,2.921084544740908e-06,2.370959783524291e-06,1.1792634720355026,1.131149213962979,0.061561230984421345,0.06963934505035296,0.9187969911603303,0.9766511098448633,2.2402884603141675e-06,1.6664426731315814e-06
Moderate_C6_P5_03,C6,P5,03,Moderate,Medium_SCS.xlsx,346.884,23.81,42.8,7.67,25.72,24.902024455737294,21.63873930616521,0.00273097809983673,0.005506795858401017,0.0024629333200562515,272.5913526240925,-8.89975261269486,3.62e-06,0.00021312453455476908,0.00039420628809039494,4.280472578925368e-05,5.7382365686209145,0.903927785830325,3.58e-06,1675.977653631285,1796.4071856287424,3.34e-06,1.5200000000000003e-06,2.399999999999998e-07,2.7000000000000004e-06,4.7775314264023904e-14,7.07115409910152e-10,7.880865237589526e-05,6.096706681121291e-09,0.4508830993684868,4.3067495513242005,1.9588094341358109,6.153841210092185,3.77057462034953,0.5753740777583255,0.6935498921258504,0.0002705933326339292,1.583483477260369e-05,0.9188361408882082,2.2025591820958712e-05,0.22970903522205205,1.9216561533851434e-05,1.1868300153139357,1.739156447613533e-05,0.15313935681470137,2.048945724277885e-05,0.9188361408882082,1.4661939306652154e-05,0.4594180704441041,1.386658032767189e-05,1.1461775113087453,1.3974587820060036,0.27900986391069316,0.2712928369989163,0.04977496746120612,0.04932472601614206,0.8885927573613616,0.7950448420551344,1.3399452079087504e-06,7.143084679092007e-07,0.5006903933984923,0.4871800438258878,0.04333417336765584,0.03559506691013998,0.9367155359021906,0.8273536784374229,1.4459972989749268e-06,1.4038684220493433e-06,0.6626334535275754,0.6891318658136666,0.04561996879780206,0.052307783836743414,0.866366924304932,0.9892488446038016,1.2449102845926664e-06,1.2946244804504527e-06,0.9210923977814527,0.9158290270650914,0.0492605279929373,0.059453584996085246,0.9082723155295802,0.9745967502271439,2.6295384862818807e-06,2.1842716716521754e-06,1.1720541565443972,1.1303596859313605,0.06274750784692684,0.06988073513384005,0.9337944447492053,0.9736789332546937,2.3144782810604645e-06,1.7437601494355686e-06
Moderate_C6_P5_04,C6,P5,04,Moderate,Medium_SCS.xlsx,346.884,23.81,42.8,7.67,25.72,24.3888083966121,25.838861524003104,0.00274600300819955,0.005526161295846437,0.002484292475020886,260.1845864212324,-8.433166644352148,3.56e-06,0.00019813374753822907,0.00039563702281658294,4.23088489878843e-05,5.662620203752979,0.5701970928586915,3.08e-06,1948.051948051948,2542.3728813559323,2.36e-06,9.999999999999997e-07,1.7999999999999997e-07,2.8000000000000003e-06,4.6591785977135675e-14,7.090086447274784e-10,6.934081800093081e-05,6.270217284466328e-09,0.39505748608432995,4.2934543569957615,1.7458333382743703,6.164081834501118,3.340770818611713,0.5738500658810446,0.6840521794228823,0.0002721288475044752,1.5815787716980687e-05,0.22970903522205205,2.2048636432778294e-05,0.9188361408882082,2.1587380985929066e-05,1.1868300153139357,1.7184216884239545e-05,0.9188361408882082,1.4415049229098622e-05,0.6891271056661561,1.2279165095640269e-05,0.49770290964777947,1.21805217642948e-05,1.0213668543573222,1.173943663341821,0.27306447477697116,0.2862039073175643,0.043778981897068414,0.0551048559468449,0.8210409658084977,0.8235682818597765,1.5402024216301583e-06,8.818399553730701e-07,0.49387754479339757,0.480988176776004,0.051588343756635575,0.04237334337391445,0.9805539823067172,0.9124776699289584,1.381057304889818e-06,1.2978975370682795e-06,0.658833000028415,0.6846132031555242,0.03762954295737769,0.04755586358619083,0.7982183109744582,0.9697730214249632,1.3202899235785856e-06,1.2965205433276536e-06,0.9235488593305196,0.9161203854445724,0.048735794701428574,0.0575722551153348,0.9006018000642644,0.967607517754924,2.6667289381043116e-06,2.23498698029031e-06,1.1809115500018947,1.1321037859724306,0.05883428075629273,0.06988532570441115,0.896387061459388,0.9780406521129595,2.3554953224317406e-06,1.8524022493288898e-06
Moderate_C6_P5_05,C6,P5,05,Moderate,Medium_SCS.xlsx,346.884,23.81,42.8,7.67,25.72,23.528502059349425,21.988433493571442,0.0027066043596037,0.005493774271153236,0.002451072332076541,265.6733439815186,-8.692305060242456,3.56e-06,0.00019851728122022302,0.0003905112064706938,4.291399017062976e-05,4.974896174428795,0.5623360544902015,3.58e-06,1675.977653631285,1796.4071856287424,3.34e-06,1.82e-06,2.5999999999999963e-07,2.82e-06,4.7894030102619575e-14,7.310286802795115e-10,8.273716171990883e-05,4.29990076677208e-09,0.38595424622889574,4.296549806075282,1.628046329915901,6.16275004938208,3.2148143182551405,0.5743674007854189,0.6719908933683324,0.0002687494929784791,1.5386427206610217e-05,0.9188361408882082,2.0970269328978157e-05,0.22970903522205205,1.995520151183713e-05,1.1868300153139357,1.6052859151970448e-05,0.15313935681470137,2.2083285518099454e-05,0.9571209800918835,1.4418694914037548e-05,0.4594180704441041,1.331638092282115e-05,1.0508672771693952,1.531573011162537,0.2807222107889857,0.2798606122325488,0.050434702287493305,0.04885726884255438,0.8677386826664529,0.8295214826554301,1.3872504005432894e-06,8.906645233350264e-07,0.5010663156963272,0.49266661062306294,0.04627347872855227,0.039272677935988716,0.9585168243395186,0.8713403234653434,1.4678853799312921e-06,1.3300555096980225e-06,0.6615922230833186,0.6815902611551746,0.04429972315204574,0.049656479320634966,0.8867358711279668,0.9813026103640574,1.3498123553513306e-06,1.356252582528124e-06,0.9193058425870608,0.9127159963455994,0.04956405662326879,0.058362103851635115,0.9116554753954258,0.9756294529404563,2.730612896001346e-06,2.2464026885308137e-06,1.1745676143483423,1.1300122488343234,0.061907431511409323,0.06772091379665608,0.9259631457013565,0.9643197181071783,2.2834273186152655e-06,1.7147928593504109e-06
Moderate_C6_P5_09,C6,P5,09,Moderate,Medium_SCS.xlsx,346.884,23.81,42.8,7.67,25.72,23.654851225063553,23.332622693124282,0.00275368240580721,0.005608297461563207,0.0024931396013978657,269.9609871546989,-9.060610356982108,3.58e-06,0.0002077200768934875,0.00038673459910498363,4.328746156882263e-05,5.1767555549747115,0.7299161878553581,3.58e-06,1675.977653631285,1796.4071856287424,3.34e-06,1.4000000000000001e-06,2.5999999999999963e-07,2.6799999999999998e-06,4.8934190937695124e-14,7.13115581674626e-10,8.429838242995561e-05,5.2442181478188105e-09,0.4029930330314253,4.293431192812187,1.4346912389498636,6.128302224828704,2.6148304428804803,0.5757522591914235,0.6702938052375995,0.00027484815596977085,1.579762886473149e-05,0.9188361408882082,2.1580059225854266e-05,0.22970903522205205,2.002223143342773e-05,1.1868300153139357,1.7188753586791532e-05,0.15313935681470137,2.1902308134462778e-05,0.9188361408882082,1.4687025115392039e-05,0.4594180704441041,1.4150118866848666e-05,1.0778048500638568,1.4912690943954343,0.274824592326903,0.2839697680086061,0.04379147229180797,0.05517556093682054,0.8634959499320083,0.9170911761905214,1.573395879259408e-06,9.56970581308714e-07,0.4976941393641983,0.48984266938938936,0.044657742515268696,0.0406879912232431,0.9285510636481406,0.8860402541939093,1.3070329261510943e-06,1.3072185086976675e-06,0.6569940978637226,0.6782113610285525,0.03595945483697248,0.04678115462021165,0.7743159262212785,0.9515616509521254,1.314305249022005e-06,1.3931161416364178e-06,0.9180727217937198,0.9117140111420419,0.04867761238160595,0.057865754792905656,0.9046013524499026,0.9727578200125384,2.6947714352411785e-06,2.2788819805609986e-06,1.1822468531567736,1.136842250735923,0.057790285523730556,0.0724966751954373,0.9003759688684735,0.9845231774909118,2.274331905497563e-06,1.672570810427593e-06
Moderate_C6_P5_10,C6,P5,10,Moderate,Medium_SCS.xlsx,346.884,23.81,42.8,7.67,25.72,23.460933471571344,21.607322026086223,0.00279441660181309,0.005518148011386259,0.002501028026983577,248.9532054177273,-8.079949701821839,3.56e-06,0.0002159473885657919,0.00041710606971225766,4.3728941944780576e-05,6.252184881312878,0.5986987020411003,3.58e-06,1675.977653631285,1785.7142857142858,3.36e-06,7.400000000000001e-07,2.399999999999998e-07,2.66e-06,4.9942639091567513e-14,7.085842740179546e-10,8.734955041391191e-05,6.296636106700327e-09,0.4060231184630077,4.220504243315221,1.5929224059863616,6.080877682171609,2.9672776848538236,0.5707592015673555,0.6751452868602984,0.00027254307788617893,1.6058796742063663e-05,0.9188361408882082,2.4367233368526698e-05,0.22970903522205205,1.872051010408711e-05,1.1868300153139357,1.8354548824370553e-05,0.15313935681470137,1.954487451595252e-05,0.9188361408882082,1.7051140458089725e-05,0.4594180704441041,1.6483463893798142e-05,1.3016329112513805,1.1462502122800506,0.26944575373744656,0.2839876247247803,0.040299938640814485,0.055971393798373736,0.7705912788712113,0.8410311143844673,1.2520453371877259e-06,7.805935794488977e-07,0.4959700700497047,0.4851885331497674,0.04539479393327337,0.037483478767753264,0.9482459554343992,0.8358540465474132,1.4543066770409595e-06,1.3792985412985156e-06,0.6618825591456057,0.6908216922861292,0.036702595214163865,0.0456385599590568,0.8313055935855389,0.9587529781809031,1.3130139833906397e-06,1.431374102119996e-06,0.9181984872303552,0.9141365969018249,0.049348114059835954,0.057864182600677466,0.9100970735133393,0.9695329757716596,2.978947511618353e-06,2.4657972513586596e-06,1.1817831891604194,1.1414926553678726,0.056160804588104574,0.07003850655943696,0.8927119540844017,0.9863193097930549,2.423058656487707e-06,1.940525733459348e-06
Moderate_C7_P1_05,C7,P1,05,Moderate,Medium_SCS.xlsx,355.144,64.0,8.84,6.83,20.33,23.982112535372536,21.668330825192594,0.0021353239549639,0.00547574438111787,0.0018145743684165813,200.4504023405321,-6.263931947723803,3.98e-06,0.00020022584003179816,0.00037006163580667357,4.775259750177996e-05,3.4554751763370897,0.9207501505691584,3.96e-06,1515.151515151515,1612.9032258064517,3.72e-06,2.0599999999999998e-06,2.399999999999994e-07,3.8400000000000005e-06,5.950625804943782e-14,8.35665867568255e-10,0.00010257983159722874,5.804660545938078e-09,0.46651446832573024,5.791846345893541,2.0314263500167478,7.080899233695851,4.021446052942344,0.6743040497332295,0.6995603643609444,0.0002633109001750466,1.7556705297675426e-05,0.8039816232771821,1.9249328382971814e-05,0.1914241960183767,1.919870528591918e-05,1.0336906584992342,1.4657290791801273e-05,0.7656967840735068,1.4160867776028222e-05,0.2679938744257274,1.1543279472571129e-05,0.9954058192955589,1.1145370973984539e-05,1.0026367452212008,1.2267628608415904,0.2971335876687952,0.31554015690295517,0.052820057126684285,0.053483409694648036,0.963112047650337,0.9489070072583394,1.6397779403445925e-06,1.2507899170067944e-06,0.4973133115299262,0.4919213637402799,0.06222288195088799,0.05945314931302859,0.9541404569979762,0.9433519951155637,8.595428004169689e-07,7.785397957817532e-07,0.7054712179511334,0.7042015192753885,0.05911512070020921,0.05191011838281385,0.9402927697166608,0.9670160982443677,1.1457196293086265e-06,1.4410362044924648e-06,0.8703791596592155,0.8938717086527755,0.06422843519692069,0.06656034656372874,0.9086669290622696,0.9949103943671203,2.0656035572002295e-06,2.1876211168652916e-06,1.122539138054056,1.1474218202880477,0.07261292008465546,0.07687838855925348,0.9519761589226862,0.9862021935712632,2.244361730687116e-06,1.4890453426539429e-06
Moderate_C7_P1_10,C7,P1,10,Moderate,Medium_SCS.xlsx,355.144,64.0,8.84,6.83,20.33,22.082636048795422,19.48908333850767,0.00210360470397571,0.00549444204485825,0.0018745090812214637,214.5814991586703,-6.387346069765187,4.08e-06,0.00018447641129584112,0.0003491834546508304,4.3715400808942274e-05,4.19674242600603,0.450026952008432,3.54e-06,1694.915254237288,1886.7924528301887,3.18e-06,1.8599999999999998e-06,1.2000000000000012e-07,2.1599999999999996e-06,4.988485889704216e-14,7.307365888831862e-10,7.933840098967062e-05,5.343852192230839e-09,0.4950378685894512,5.735045499678297,1.7496903587585648,7.075700193747221,3.457493283074922,0.6667990822086838,0.6848534430199451,0.0002649213160373573,1.5995754886398012e-05,0.8039816232771821,2.02815220970863e-05,0.1914241960183767,1.5819710333980474e-05,1.0336906584992342,1.4581758946276493e-05,0.15313935681470137,1.728396562504565e-05,0.7656967840735068,1.4866242634018152e-05,0.3828483920367534,1.1948892746819151e-05,1.2820412249572424,1.162631667457344,0.30514984074552665,0.33312844628474286,0.05566491052965568,0.05186853687672935,0.9915949283584942,0.8960225943174341,1.3378520377089377e-06,9.827074112922584e-07,0.48597784472071986,0.4769369629945784,0.0624355873088504,0.0567237094755918,0.8565287966892869,0.9349012802211923,9.579232483514389e-07,7.936435760821338e-07,0.7056013744359627,0.708949262014482,0.05984116380786464,0.05080818979920571,0.9260067186913334,0.9536635211522083,1.0742989351956323e-06,1.4159101787425418e-06,0.8678661712658512,0.8896073950477179,0.06287931831770209,0.06645145813373694,0.8968061881563826,0.9913432989276484,2.095992046977941e-06,2.129801779613526e-06,1.1279723954045235,1.1507723284846985,0.07630576828730061,0.07786623198205397,0.9639128349073194,0.9830767790409853,2.216780433726806e-06,1.5076715978649883e-06
Moderate_C7_P2_05,C7,P2,05,Moderate,Medium_SCS.xlsx,355.144,64.0,8.84,6.83,20.33,21.347526731790026,18.24622729279524,0.00210293693027069,0.00545070286717982,0.0018819515585029097,220.4914873688473,-6.7951074018387025,3.86e-06,0.00018141859584610187,0.0003419840290681041,4.4127254605802966e-05,3.1755062891369104,0.23303824756519936,3.4e-06,1764.7058823529412,1923.076923076923,3.12e-06,2.1000000000000002e-06,1.6000000000000016e-07,5.060000000000001e-06,5.074691883236788e-14,7.631152977539022e-10,8.774796898356794e-05,3.4631082427414578e-09,0.40797547218053726,5.621742794477191,2.002709961040853,6.992231138395971,3.9236625306732957,0.6621846276113751,0.7008204503238953,0.00026258496159317136,1.6412250006037677e-05,0.8422664624808575,1.868306809231116e-05,0.22970903522205205,1.84266973345167e-05,0.6125574272588055,1.6147693825358257e-05,0.15313935681470137,2.0017695785961102e-05,0.8805513016845329,1.4217702611877243e-05,0.42113323124042873,1.4184915095265057e-05,1.0139129513676486,1.4079415588069115,0.29589949271142996,0.31207156035403766,0.06424322203958181,0.06413635931383697,0.8596603084393364,0.9126613624996661,1.1513949343628597e-06,9.986236869325513e-07,0.4805771239971856,0.4742203152647659,0.057791148286993214,0.05696755679584761,0.8815618158369759,0.9078326426902519,1.0517512689408832e-06,9.603329361026904e-07,0.675584684150474,0.6752966357417148,0.06229573100784098,0.05393597344193712,0.9084021068218371,0.978613972569682,1.1128849950741178e-06,1.3187938452265449e-06,0.8645864465983927,0.8936947890930208,0.04685153344081716,0.0603637362765031,0.8594478023947173,0.980732096833028,2.0598098951716798e-06,1.929594161383779e-06,1.131319992407818,1.122495474457777,0.0692886064536887,0.08041807879514337,0.974769665582283,0.9486464155051059,2.3675800810626547e-06,1.2831312599030373e-06
Moderate_C7_P2_10,C7,P2,10,Moderate,Medium_SCS.xlsx,355.144,64.0,8.84,6.83,20.33,20.16965548398657,15.636014683389,0.00206387216852736,0.00548041879705296,0.0018474972090529215,218.16547089453468,-6.975348118245176,5.08e-06,0.00019197529173408797,0.00033496736993931305,4.494440794021463e-05,2.444180074014495,0.05380925768928218,3.4e-06,1764.7058823529412,1935.483870967742,3.1e-06,1.2599999999999998e-06,1.7999999999999997e-07,3.9e-06,5.276238344247283e-14,8.316656073837225e-10,0.00010618465041568233,3.3494452287154943e-09,0.39004500549513976,5.678349120348683,1.901675766089803,7.02491867292675,3.7884419029292244,0.6676021530197694,0.6892372425299232,0.0002626364988579802,1.5981093564271146e-05,0.22970903522205205,2.331045732930912e-05,0.8422664624808575,1.9330571412987944e-05,1.0719754977029097,1.588388395834464e-05,0.15313935681470137,2.5275928330512046e-05,0.42113323124042873,1.4543830321986387e-05,0.8422664624808575,1.2869986257599267e-05,1.2058855180950123,1.7379140180415595,0.28361603681835323,0.29103363003966015,0.05653996693723803,0.06286332066813104,0.8953368283777906,0.8730273119094036,1.4353000348754951e-06,8.841402283657359e-07,0.4858783031883236,0.4776738879953338,0.058488539218336216,0.05800495458434387,0.9430985303109212,0.9284979816690008,1.058380704812563e-06,1.0052776914534523e-06,0.6743432622522683,0.67950494568761,0.056457322263139015,0.04818283035323602,0.961905053896416,0.9729231778206325,1.2111043999296175e-06,1.44017980588239e-06,0.8660162473078479,0.8939815094510403,0.047889051571322845,0.061356995261071745,0.8712839740087104,0.9805738374795926,2.015277395559833e-06,1.8129718547345758e-06,1.1213985917580311,1.131660248280235,0.06397406707961416,0.0885716868523961,0.9340094445499597,0.9280724444120756,2.3252105689324808e-06,1.2924671122294395e-06
Moderate_C7_P3_05,C7,P3,05,Moderate,Medium_SCS.xlsx,355.144,64.0,8.84,6.83,20.33,24.183583919896297,21.538085824144964,0.00226320261947415,0.00547073607833025,0.0019260700022030108,209.16259705651007,-6.643153761048105,3.82e-06,0.00027535548970731227,0.0004767761164710867,5.090088761848136e-05,6.494796266863499,0.8971570937898561,3.8e-06,1578.9473684210527,1714.2857142857144,3.5e-06,1.46e-06,1.9999999999999978e-07,8.999999999999999e-07,6.76431967071806e-14,8.924772062314033e-10,0.00010514023347636674,5.449778601415675e-09,0.46804641317499784,5.471321339452091,1.421659570373008,6.933697460428565,2.7527291471678677,0.6560665325896317,0.6575907527737316,0.00026452302503632687,1.7869091613634706e-05,0.8805513016845329,2.4420297376388264e-05,0.6508422664624809,2.3424910435760305e-05,0.22970903522205205,2.1108942226041603e-05,0.6508422664624809,2.086168572040284e-05,0.8805513016845329,1.7605493947261513e-05,0.22970903522205205,1.4485079927999973e-05,1.042492623434572,1.184953094638661,0.27836353325386365,0.2859512606000606,0.04590713900841863,0.05304919963036131,0.8332915993902151,0.8981026864488681,1.5885008937024252e-06,1.0607188029882082e-06,0.4973508952429079,0.48502276407987244,0.051173698217939656,0.04678462672619994,0.9935155601072512,0.9528707329252368,1.4068986049174439e-06,1.3619210176149859e-06,0.6701830642647965,0.6835799706850905,0.045850577312124136,0.046639345556944316,0.9268023748033023,0.9603970928922241,2.03838660536416e-06,2.2522240003224803e-06,0.8851887953010761,0.8982686988795017,0.053544627220048484,0.06180403635995309,0.9485322685502959,0.9952185753082817,3.3041849162860223e-06,2.961925348544731e-06,1.1359344325130443,1.1167057842486419,0.0642809045959588,0.07266080621846406,0.9604526401388046,0.9507418615990192,2.555210405060467e-06,1.6891596981492425e-06
Moderate_C7_P3_10,C7,P3,10,Moderate,Medium_SCS.xlsx,355.144,64.0,8.84,6.83,20.33,23.865142301216757,21.693991312979925,0.0022752225461644,0.0054917709500382,0.0019391652347955583,207.656955850527,-6.36287434015174,3.78e-06,0.00027150308748144107,0.0004772198769078527,5.115429625840543e-05,6.665839447598799,0.8958948505634934,3.8e-06,1578.9473684210527,1714.2857142857144,3.5e-06,1.8000000000000001e-06,2.199999999999996e-07,9.399999999999999e-07,6.828482794889638e-14,8.637318249172913e-10,0.0001049314248718639,4.550015677054098e-09,0.4666878561647301,5.474533591153103,1.851139387204045,6.9436942960649715,3.689894607278949,0.6569151910237556,0.6806670403498388,0.00026676433469961325,1.831628640138231e-05,0.8805513016845329,2.4220964813272608e-05,0.6508422664624809,2.1529956590087165e-05,0.22970903522205205,2.0211785829735143e-05,0.6508422664624809,1.901802676011283e-05,0.9188361408882082,1.744215629389286e-05,0.4594180704441041,1.6085104865263448e-05,1.1249889699933473,1.09034831183249,0.27341885639751273,0.2782968955466672,0.046519919743968546,0.05679132789788728,0.8648914712420561,0.8442318889737308,1.3611276306977868e-06,7.15505912066692e-07,0.5000117007927002,0.48391829015970084,0.05129842358603895,0.04498408882949393,0.993224898975419,0.9370335687275803,1.5691924115152964e-06,1.5424414203620506e-06,0.6689669654836089,0.6830805220832584,0.0491579982604058,0.049038784985650764,0.9379670362751257,0.9777128181428252,1.929965957061299e-06,2.1326999633787935e-06,0.8854753608980781,0.8980202185887065,0.05243796916789732,0.06092223975610008,0.9411487572194637,0.9926419285277311,3.242180957656425e-06,2.909483620944759e-06,1.1386473034776723,1.1118574488360726,0.06769617830449558,0.07228804362652519,0.971893298862145,0.9238276790766587,2.645572734029515e-06,1.5624263351958393e-06
Moderate_C7_P4_05,C7,P4,05,Moderate,Medium_SCS.xlsx,355.144,64.0,8.84,6.83,20.33,21.969841827053493,24.12360942451301,0.00216771097965709,0.00553283903289658,0.001957675892444235,223.398224427,-7.09613957981835,4.02e-06,0.00017054598061193034,0.0003375256433453433,3.864296006252587e-05,5.630249715424766,0.5321104405901131,4e-06,1500.0,1595.7446808510638,3.76e-06,1.9200000000000003e-06,3.199999999999995e-07,2.4199999999999997e-06,3.8991846319716693e-14,6.217861398310355e-10,6.081393311133237e-05,4.8845391458956505e-09,0.5265885572683529,5.537543165710678,1.6514173143579878,6.978943919228545,3.180785833397265,0.652707092781191,0.6838847889126334,0.0002660166866989592,1.4134925975128443e-05,0.1914241960183767,2.0085815116311435e-05,0.8422664624808575,1.551249907494794e-05,0.6125574272588055,1.4083193465931413e-05,0.7274119448698315,1.2520962120618476e-05,0.2679938744257274,1.1145516821331412e-05,0.42113323124042873,9.196136926076109e-06,1.2948148279946967,1.1234078417293991,0.2883032988896132,0.30456343215571224,0.043857547941477594,0.045111804127833055,0.9204775564276414,0.9055945375205736,1.6475795234029031e-06,1.0662614041158547e-06,0.5121207429661176,0.49043568446978664,0.05642980838124756,0.06379733234051967,0.9439582343156971,0.9071410614851718,9.850337659471729e-07,6.898630494978358e-07,0.6846270341956782,0.6874568827648729,0.057762523990908095,0.052126588341169594,0.9846072006178626,0.9966537966904717,1.5476434440764098e-06,1.7866460108119207e-06,0.8668393300420124,0.892553028355623,0.05531992202809404,0.0598684060037137,0.8907658399179507,0.9789556350865121,1.6162082792100692e-06,1.5364966478587352e-06,1.1234214558553555,1.150646229573208,0.06816222391684078,0.07044499900699663,0.949324950522879,0.967989737002734,1.6577914477647043e-06,1.0948851151394898e-06
Moderate_C7_P4_10,C7,P4,10,Moderate,Medium_SCS.xlsx,355.144,64.0,8.84,6.83,20.33,22.922125692751703,18.81271622550241,0.00224383718202873,0.0054413540353096205,0.001992723190263974,205.32451752480935,-6.521371944783791,4e-06,0.00018959409340795012,0.00035466386757908547,3.8311319443236206e-05,5.895861535095355,0.9708254572889403,4.04e-06,1485.148514851485,1595.7446808510638,3.76e-06,2.8000000000000003e-06,3.5999999999999994e-07,2.34e-06,3.77784497209301e-14,6.424183860663313e-10,0.0001173153925161889,3.939087993088289e-09,0.4070143426011124,5.478114852749433,2.6391635657530674,6.960514586151687,4.728030369849889,0.6463833312431602,0.742271286183852,0.0002659091509872693,1.5707809741307488e-05,0.2679938744257274,1.486879187489509e-05,0.6125574272588055,1.4458542351492737e-05,0.7656967840735068,1.3446067288684447e-05,0.1914241960183767,1.3522629714277175e-05,0.6891271056661561,1.3409171873174186e-05,0.42113323124042873,9.498860167615537e-06,1.028374125486161,1.0084611364307166,0.2887322871683587,0.30870988956000955,0.039271273586456774,0.054084948055427025,0.8719912344367763,0.9794729222279822,1.3896194189896383e-06,9.367328756985679e-07,0.5164518203353993,0.48699320860814105,0.05615534451696316,0.06344397859186465,0.9322581881067391,0.9011440556398381,9.959045183433026e-07,6.912791491791756e-07,0.6894344073978431,0.6881915053425336,0.05895423791718963,0.05173979971728435,0.9818959655111692,0.9959939960011285,1.5959419552338405e-06,1.8440523005574663e-06,0.8682089656899182,0.8984089416644166,0.06085205672444941,0.062194225726876655,0.8807982114037157,0.9960309537534002,1.4051941766343114e-06,1.3513032653448686e-06,1.126082013303271,1.151998436368421,0.0671680819282447,0.07134292701538024,0.9444515614557464,0.9869550590351215,1.7080688559294742e-06,1.2629769780272325e-06
Moderate_C7_P5_05,C7,P5,05,Moderate,Medium_SCS.xlsx,355.144,64.0,8.84,6.83,20.33,20.903059439119932,19.95306812265654,0.00211462297010845,0.00551080250063111,0.0018935163571768764,223.01524792499436,-6.688673488007389,3.7e-06,0.00018451715970063342,0.00033087175427177205,4.596971912164672e-05,2.7651517792632525,0.03491824042851348,3.04e-06,1973.6842105263158,2343.75,2.56e-06,1.02e-06,1.7999999999999997e-07,4.04e-06,5.519526285002609e-14,8.180396282474991e-10,9.21990343783297e-05,3.895604004220234e-09,0.4500613494012537,5.582178584950044,1.2280928937016602,6.957412981142034,2.2746240529306854,0.6631758557677693,0.645545947031505,0.0002649372611248068,1.4857025002056884e-05,0.22970903522205205,1.8632475603454695e-05,0.8805513016845329,1.6838898762008065e-05,0.6508422664624809,1.4124905040174018e-05,0.7274119448698315,1.512006228387437e-05,0.22970903522205205,1.3627250707685066e-05,0.3828483920367534,1.347510787346087e-05,1.106513838005812,1.109545975095436,0.298852485455665,0.30854745722266913,0.0579993209538092,0.06165427654061965,0.9733675263884933,0.9518676107370787,1.7004639650217288e-06,1.2601049723414922e-06,0.4942588737522422,0.48065011878302455,0.06088077847786436,0.06154853660857253,0.9141895779040984,0.9081075308263291,7.856192543826571e-07,7.164088395654913e-07,0.6805840595263368,0.7008003168544469,0.04964639172928493,0.049358211306516624,0.9821157474140078,0.9741080795477289,1.731100467239311e-06,1.6930389077771662e-06,0.9008171825879367,0.9092841627519245,0.05707547825414726,0.06252317170907629,0.9711794910832932,0.9830265057548374,2.517251828383676e-06,1.646320025899896e-06,1.1745069468605562,1.1260632454801036,0.06346507421786397,0.06341414877363717,0.9440489245099323,0.9328762445414145,1.9832477180347495e-06,9.992294071341376e-07
Moderate_C7_P5_10,C7,P5,10,Moderate,Medium_SCS.xlsx,355.144,64.0,8.84,6.83,20.33,21.40816181465775,17.84149271361047,0.00218306977487242,0.00547474272056034,0.0019622207794810693,205.51113366308155,-6.220836014042034,3.64e-06,0.00016429474716875929,0.0003154166447541574,4.38246653835468e-05,2.2980772188460117,0.43013649654011604,3.1e-06,1935.483870967742,2142.857142857143,2.8e-06,1.8200000000000002e-06,1.6000000000000016e-07,4.1e-06,4.9229551503434035e-14,7.700244592747946e-10,0.00010634936632576934,4.522371400108055e-09,0.4902592442589802,5.437170062580392,2.3508403052102818,6.911329126851519,4.430795679020252,0.6516686748904313,0.7196269169850525,0.00026554602125984596,1.6425136873161604e-05,0.22970903522205205,2.180677343581984e-05,0.9188361408882082,1.647954418710531e-05,1.1868300153139357,1.5390932295342926e-05,0.7274119448698315,1.4727949133055482e-05,0.42113323124042873,1.3826965219701067e-05,0.9188361408882082,8.858597431964394e-06,1.3232630626774158,1.0651612869402016,0.28722997336444905,0.3023011790703157,0.055970902015917604,0.06169126612061868,0.9030937874732581,0.9338101795169659,1.497948848299426e-06,1.04193935023082e-06,0.49656201482915646,0.47826248969286295,0.05848939198848339,0.06317803991870613,0.949760524976281,0.8534118704873266,8.294436840909335e-07,7.5367634296251e-07,0.6780271580994655,0.7053623798540758,0.05005037370949663,0.048716307158314306,0.97579414043255,0.9535463965250585,1.674414414719729e-06,1.6318784070435067e-06,0.8926305317354049,0.9058037301179622,0.05714599859257255,0.06445251050172592,0.9699750742964294,0.9951070893218482,2.4376590696301252e-06,1.4274982762157264e-06,1.1715895855777678,1.1394460401419753,0.06561882611178567,0.07356874753935767,0.9561819724085416,0.9654401705216754,2.183232992390432e-06,1.0466589552819027e-06
Moderate_C7_P6_05,C7,P6,05,Moderate,Medium_SCS.xlsx,355.144,64.0,8.84,6.83,20.33,21.326562870011166,16.581262068715418,0.00219642524897271,0.0055421878647667795,0.001979675208486434,230.61915269014807,-6.9695660036308,3.94e-06,0.00014711657375473272,0.00029284612040329723,3.753988765748384e-05,3.1452300405696665,0.49619067578778225,3.5e-06,1714.2857142857144,1886.7924528301887,3.18e-06,2.08e-06,1.7999999999999997e-07,4.04e-06,3.6739761928539566e-14,6.556686860517795e-10,8.863140888771455e-05,3.5452304804406116e-09,0.49407272327648816,5.250588073142387,2.055914556525073,6.74951831941984,3.952287686009709,0.6420915288156068,0.7043841182313236,0.00026122223215480534,1.4075812906076739e-05,0.1914241960183767,1.7422555020447628e-05,0.8039816232771821,1.6867974380627852e-05,0.34456355283307805,1.4852187291044731e-05,0.34456355283307805,1.6975311138431123e-05,0.7656967840735068,1.1880618881518564e-05,0.9954058192955589,8.845842362222683e-06,1.0328776647644795,1.4288236899858935,0.3061021627230186,0.3335153520760711,0.051106855204142695,0.04679339132367089,0.9785640335221975,0.8211493498039251,1.6197867102789637e-06,1.1226183402776272e-06,0.5000078229173343,0.48093535934070886,0.058068520139244635,0.058220850869097326,0.9408408209044286,0.9403491964268021,1.1323099648982203e-06,7.170273997795789e-07,0.7090555192985685,0.6983390247563793,0.056844940458072736,0.05186320688501705,0.9344276859067391,0.984125186976732,1.1506271660647761e-06,1.4783344821108783e-06,0.8632212845023999,0.8936383112255374,0.06444682583736785,0.06922961940963294,0.8588278564979984,0.9904304808395736,1.4166501579237337e-06,1.4496980401212857e-06,1.132277160029467,1.1515600947876299,0.07991597210448254,0.07595378789741948,0.958593147877134,0.9904108431581775,1.9717310644703592e-06,1.1224202404752452e-06
Moderate_C7_P6_10,C7,P6,10,Moderate,Medium_SCS.xlsx,355.144,64.0,8.84,6.83,20.33,20.508690355457926,19.156891328050364,0.00208156817171024,0.00555487556516207,0.001893673205650423,237.7362631234639,-7.3332441310206375,4.08e-06,0.00017191676636820684,0.00029388063801622573,3.788468828982964e-05,3.238634303530908,0.0022944899477070737,3.48e-06,1724.1379310344828,1886.7924528301887,3.18e-06,1.5399999999999999e-06,1.9999999999999978e-07,3.6599999999999997e-06,3.748864474337404e-14,7.026414826905035e-10,7.541457968415057e-05,4.809441508669242e-09,0.5157006478285995,5.436080963837326,1.8596090897985895,6.840126385285332,3.6779201083051474,0.6557667369197494,0.6926706377503873,0.00025989927358455005,1.35644804186268e-05,0.1914241960183767,1.7363154443655767e-05,0.8039816232771821,1.723964920729581e-05,1.0719754977029097,1.373247912958318e-05,0.34456355283307805,1.112339358030412e-05,0.8039816232771821,1.0727574081947711e-05,0.6125574272588055,8.832257654563324e-06,1.00716396416835,1.0368972946199642,0.2936924721297383,0.3268263000584818,0.05125295454303366,0.048710196843062575,0.969251326054269,0.9358333403419281,1.2998893243404074e-06,9.951608433749556e-07,0.5049659627778867,0.4888480767837299,0.05540638163547489,0.059635399273078975,0.9774981442656436,0.9634425590962566,1.1818527473762665e-06,7.100414000689649e-07,0.7028040937182621,0.6918815635063934,0.059486330999467416,0.054654527821119236,0.95066586211046,0.9976637756829683,1.1239225326550643e-06,1.3408337699848e-06,0.8591510666314452,0.8888194156341248,0.0639569361691818,0.06880151602767016,0.8539800363919096,0.978819308868105,1.2145654026900054e-06,1.1892538990796265e-06,1.1294453958505335,1.142478858846053,0.07902986180072391,0.07577683474423462,0.9611720750219337,0.9876990051072789,2.0397111172268796e-06,1.2227268713384368e-06
Moderate_C15_P1_03,C15,P1,03,Moderate,Medium_SCS.xlsx,417.843,10.14,67.43,1.85,20.58,9.48709628281313,6.420927439247803,0.00297705271013452,0.006306454870155725,0.0025744464372597126,70.01969512296372,-0.35377637444353643,1.148e-05,0.0003295384993355377,0.0005949858814362612,0.00013927628913725223,-0.23962443132466804,0.47313710450468516,1.132e-05,530.035335689046,566.0377358490566,1.06e-05,9.7e-06,1.1800000000000006e-06,1.716e-05,5.061269945394692e-13,2.8169520754397872e-09,0.0004889558491088065,9.145443513614352e-09,0.583660682673299,4.629952853082888,1.4035428131351582,7.0062364885258255,3.6328377152290487,0.6009260698743022,0.5448625220637324,0.0003092812332883202,2.548384893689855e-05,0.1914241960183767,0.000148176443106154,0.3828483920367534,2.6080012614778733e-05,1.684532924961715,1.9500500399326406e-05,0.1914241960183767,0.00013223672989688746,0.3828483920367534,1.8416621465183332e-05,0.6508422664624809,3.2852084661113496e-06,5.681609116269288,7.180292159807332,0.30122619322082445,0.29497341819287637,0.05032227797083146,0.048253772083020736,0.8474867591841991,0.829945756707916,4.6185195132793725e-06,3.614471092229167e-06,0.4885439395600244,0.46520632102236226,0.055526179113642986,0.04035949947817807,0.9874487108294882,0.8507024160905466,2.445054642469514e-06,8.577850191065686e-07,0.6847335389645864,0.6791775315961491,0.05352055832846351,0.05543456619079282,0.9929751419899537,0.968604503167872,1.8829304786002827e-06,3.467467842346112e-07,0.8895846829674919,0.9080775371790526,0.06516725753678564,0.06703326239339372,0.9916167482573803,0.9685353539242912,1.5670120341959456e-06,2.7486180278466796e-07,1.160673444236042,1.1233502495900292,0.0752631528262655,0.07330478924545969,0.9926879942653047,0.9530083334569367,2.431371843720315e-06,2.4892821851449786e-07
Moderate_C15_P1_05,C15,P1,05,Moderate,Medium_SCS.xlsx,417.843,10.14,67.43,1.85,20.58,10.218485014542612,6.810065921392844,0.00300576697945014,0.006313132607205878,0.002596137767901365,76.1181390864876,-0.3785536318944156,1.156e-05,0.00030993469107055293,0.000587026414879217,0.00013309934604117458,-0.26480710365056925,0.3857438990739963,1.154e-05,519.9306759098787,562.8517823639775,1.066e-05,9.58e-06,9.800000000000008e-07,1.708e-05,4.620844969789597e-13,2.699052276107024e-09,0.0004297906761926674,8.68313027756165e-09,0.538524164321258,4.62456929665911,1.3589989941908451,7.019816821097761,3.510020248742471,0.599012781724655,0.5512007248218727,0.00030982686691511014,2.5014524926304587e-05,0.1914241960183767,0.0001389127288015839,0.3828483920367534,2.6480061380412204e-05,1.7611026033690658,1.8707328961751518e-05,0.1914241960183767,0.00012304067340238,0.3828483920367534,1.9229293457744482e-05,1.5313935681470137,2.9987606113529365e-06,5.245936614724149,6.3986057144611515,0.30275702260587384,0.2949314288306398,0.050376859081861756,0.04979061580907748,0.8171048885582628,0.8442065718728359,4.479244528427923e-06,3.5807779411130467e-06,0.4889523536479155,0.46461533557218265,0.057817219784933836,0.046015673306926075,0.9762658929163139,0.8727456987630896,2.3900209255968376e-06,9.167828697230135e-07,0.6815617101880325,0.6847179148197399,0.0542019788831811,0.052954249404988545,0.9907377267437479,0.9963892394863705,2.0186893277873715e-06,3.465383033497886e-07,0.8984555056311526,0.8853060475239428,0.0671295498784953,0.04746402277892981,0.9966628976741504,0.8586223778341076,1.5963191120368893e-06,2.3522749198913154e-07,1.1636301245168126,1.1591579976425501,0.07378985795356753,0.07025327792581561,0.9868542948037724,0.9471702308043279,2.5289481299031993e-06,4.1592499214974355e-07
Moderate_C15_P1_10,C15,P1,10,Moderate,Medium_SCS.xlsx,417.843,10.14,67.43,1.85,20.58,9.939271120751258,6.827358576329621,0.00296035836750917,0.006301446567368129,0.0025728262614828257,74.65055400000881,-0.4957469375085371,1.2e-05,0.00028549352962032004,0.0005623704644412122,0.00013259608702255086,-0.4408405824544528,0.28833441672001436,1.156e-05,519.0311418685121,560.747663551402,1.07e-05,7.24e-06,8.000000000000008e-07,1.726e-05,4.585930149914139e-13,2.717483936767626e-09,0.0004271022787661736,1.1631384932386934e-08,0.5631550405220109,4.65412189596605,1.3663997060552588,7.058052636085467,3.4316133929089294,0.6004371982567225,0.5524361368320218,0.0003083906207225005,2.4515979712398005e-05,0.1914241960183767,0.00014143087510152578,0.42113323124042873,2.7736025945997128e-05,1.6079632465543643,1.96981069644337e-05,0.1914241960183767,0.00012540367316974153,0.3828483920367534,1.9086009743593434e-05,0.57427258805513,3.432072034988973e-06,5.099175717448499,6.5704496793199985,0.302510395628722,0.29612507717118747,0.050444502024549975,0.05044862029190283,0.8542484605940652,0.8342200968166567,4.378886105507189e-06,3.257739363608403e-06,0.4872577625855886,0.46706861594460264,0.05892956364541398,0.051137545058378746,0.9687436421260798,0.8810685437846073,2.398265590929262e-06,8.752755060735013e-07,0.689177354167894,0.698401138781419,0.05490507656063977,0.05894793173570998,0.9984142096464593,0.9222744225561494,1.8202154439262862e-06,2.720844059505051e-07,0.8972019609807891,0.9031489858409492,0.06785462777398751,0.07156750791115302,0.9969453981582361,0.9499202589546502,1.7900907446828397e-06,2.085658378592421e-07,1.1612094738471315,1.134150717732785,0.07414860080235527,0.07674814651614867,0.9908847589865655,0.9785540468343774,2.5334303945214145e-06,3.1764142426165944e-07
Moderate_C15_P1_09,C15,P1,09,Moderate,Medium_SCS.xlsx,417.843,10.14,67.43,1.85,20.58,10.003967678459675,6.440346895137018,0.00299007429738231,0.006258041276542191,0.0026023506272748465,75.17080807714223,-0.37271370861524517,1.116e-05,0.0002940768925813343,0.0005476730187053693,0.0001316486846123446,-0.3223190311457427,0.38405420349865327,1.156e-05,519.0311418685121,572.5190839694657,1.048e-05,9.56e-06,1.2000000000000004e-06,1.684e-05,4.5211155280579993e-13,2.6845894384969857e-09,0.00044908538522127393,1.237095718218007e-08,0.5985084475784807,4.60659475428733,1.4105079191957748,7.002479645723724,3.5901548771609515,0.5971384056491778,0.5555531732386646,0.00030880965735942433,2.501511594497153e-05,0.1914241960183767,0.00013763721483730102,0.42113323124042873,2.6563636587588252e-05,1.7611026033690658,1.9961919668830363e-05,0.1914241960183767,0.00012194604662845949,0.3828483920367534,1.900972882834288e-05,0.8039816232771821,3.529554277769184e-06,5.181414419748425,6.414927920050814,0.3014765530938959,0.2963348413432521,0.05050437057805534,0.04852763168214626,0.8245855169898065,0.8506611157032453,4.517552775944679e-06,3.7633896144272295e-06,0.4883267737034296,0.46590476591703756,0.05889355757029909,0.05198359037993072,0.9716803997119299,0.8596036611481944,2.336923241839078e-06,8.725576409837935e-07,0.6844676314119328,0.6961819100469898,0.054580179335406355,0.0492561503214264,0.9941422589072506,0.9452821855328407,1.775160360143475e-06,2.140545706339423e-07,0.8880117290569435,0.8875139528755912,0.06657896377633449,0.07884797580932136,0.9881466302942454,0.9016689752468999,1.7358077345114616e-06,2.7994637183140596e-07,1.1591398791452072,1.1374894729601688,0.07555130958478284,0.06558289063950885,0.9944826175418638,0.9391870074361017,2.6315068612788068e-06,3.8082852667606745e-07
Moderate_C15_P2_01,C15,P2,01,Moderate,Medium_SCS.xlsx,417.843,10.14,67.43,1.85,20.58,18.627641104122002,18.151513345169686,0.00275869070859482,0.006301112680515616,0.0025914152390679565,209.34414105854097,-0.8314998993694638,1.16e-05,0.00012868745200926812,0.00022172448130509785,4.757727987734471e-05,-0.1410946577634573,-0.37109194357763625,1.2e-06,5000.0,5000.0,1.2e-06,0.0,8.000000000000002e-07,1.6680000000000003e-05,5.5010581220512466e-14,8.942089294774433e-10,0.00014693346742750108,1.4076033193648223e-08,0.5676254145737704,4.79253800819542,2.7329510786505584,7.095502700442751,4.9380778685817095,0.5915817553545076,0.7175376435301569,0.000296667614611395,1.5133560475512292e-05,0.1914241960183767,2.7868792192784473e-05,0.3828483920367534,2.409050126359277e-05,1.7611026033690658,1.863444829785709e-05,0.1914241960183767,3.18825233674428e-05,0.42113323124042873,1.2580863273986714e-05,0.7656967840735068,4.014913880845755e-06,1.156837324844892,2.534207720002661,0.31695439478872106,0.30986899085986297,0.05338189100076865,0.047301204652805066,0.9574609474741768,0.9470087603009335,2.864458047637597e-06,1.954777459039362e-06,0.5052957617137017,0.4642944465652363,0.05344085299358724,0.05851704412291306,0.99059408602634,0.7701910000343277,1.945733266518161e-06,5.206279017059396e-07,0.6806558317773047,0.7074411044541061,0.049521443271254684,0.05560755865851078,0.9823124947365464,0.9326324424938681,1.6678180474320258e-06,3.764950975142112e-07,0.8983412835124307,0.8968045931075111,0.0671820215225435,0.05465843397699251,0.9950788265091924,0.8717351104422826,1.4843884203267794e-06,3.1932220390651216e-07,1.1639256750769775,1.1218183371186659,0.07809105589857931,0.06792039889362471,0.9855839186698895,0.9412668044529716,1.994161570249814e-06,4.4769683952352463e-07
Moderate_C15_P2_03,C15,P2,03,Moderate,Medium_SCS.xlsx,417.843,10.14,67.43,1.85,20.58,18.21248629098251,16.459040949772707,0.00272897477872169,0.006358875105999357,0.0025758388445988067,219.56476300399368,-1.440067096969301,9.18e-06,0.0001345078848656745,0.00022380491919097017,4.693541890873671e-05,-0.1724856774910113,-0.30629853476111296,1.692e-05,354.6099290780142,366.7481662591687,1.636e-05,1.5660000000000003e-05,1.4399999999999998e-06,1.6740000000000002e-05,5.4877210599420376e-14,9.222822577882008e-10,0.000158224671260651,8.313925149531248e-09,0.5807090807273251,4.86523730628663,2.7077002600620395,7.151701781394024,4.9886754021693065,0.5940950270797529,0.7087673548117239,0.0002966695625208561,1.4280134001565343e-05,0.1914241960183767,2.915168595154597e-05,0.3828483920367534,2.507088643519399e-05,1.6462480857580397,1.769812499682733e-05,0.1914241960183767,3.2159438997798e-05,0.3828483920367534,1.3758509483330596e-05,0.57427258805513,4.889047656039532e-06,1.162770405590966,2.3374215571345043,0.3179762666792834,0.30880476290421993,0.05324892527077376,0.05101444850360782,0.9636113683518425,0.9397169760360108,2.727192569371786e-06,1.986004855854719e-06,0.5040655219802735,0.48891654636222437,0.056336586473928106,0.058733255568025715,0.9901589295768136,0.8627048574618612,1.9334361264581914e-06,5.709747071682997e-07,0.6831688819947557,0.687478010204396,0.053355596804928594,0.04736045385204534,0.9950496942116079,0.8994886294280505,1.6453000428654255e-06,3.97609648060855e-07,0.8885108448238461,0.9296842196828399,0.06485703174443011,0.057372203433910876,0.9911620214758148,0.9075724167325984,1.411406962061851e-06,2.3771923227759732e-07,1.1640738169253952,1.1446578521744444,0.07531908882824412,0.09017017854248754,0.988256441854711,0.9465474451341106,1.9387083559405556e-06,3.4658816923954225e-07
Moderate_C15_P2_06,C15,P2,06,Moderate,Medium_SCS.xlsx,417.843,10.14,67.43,1.85,20.58,17.408744152029755,16.70869522451585,0.00275334851895471,0.006358541219146855,0.002609394049150539,211.68058823119236,-0.9351726511363502,1.402e-05,0.0001431101117290546,0.00023800067584195644,4.81709596794189e-05,0.17761349995575282,-0.364525718430125,1.72e-05,348.83720930232556,367.64705882352945,1.632e-05,1.594e-05,1.2600000000000015e-06,1.686e-05,5.75343263347818e-14,9.045469140086856e-10,0.000178014362160679,9.38133304013973e-09,0.5652766407381752,4.816540487472333,2.5791702559278464,7.136701153210652,4.806700255579856,0.5903144188088174,0.7120903480251426,0.0002976123912903366,1.5317373730334348e-05,0.1914241960183767,2.973421607549123e-05,0.3828483920367534,2.1856309962394092e-05,1.6462480857580397,1.9318079198159966e-05,0.1914241960183767,3.3425377562731804e-05,0.3828483920367534,1.0157981865426278e-05,0.8805513016845329,5.440019530054936e-06,1.3604407498892124,3.290552662428528,0.3158747802622918,0.3064634499663305,0.052475387492894994,0.04768495557735768,0.9480586050832807,0.9431019623051868,2.6769092468047986e-06,1.914077942420569e-06,0.501652551309253,0.47809027303854945,0.055459451046265366,0.04975560255011093,0.9938027897926484,0.9126836856760895,1.7825683243599165e-06,7.952923306744345e-07,0.6818628557168578,0.692886283136255,0.047109754146426625,0.05645248990355719,0.9689695015659676,0.9920067679855323,1.70934604453273e-06,5.413077058458629e-07,0.8953618366052901,0.9072401471915559,0.06702894930157137,0.05950102591544301,0.9718342216335545,0.8811070180013919,1.3830914785028838e-06,4.6534321655243635e-07,1.162970349194714,1.1394668921052504,0.0747600588560434,0.08509519206280461,0.9896364874956899,0.9207291845592116,2.2507414482674273e-06,2.729160497775136e-07
Moderate_C15_P2_10,C15,P2,10,Moderate,Medium_SCS.xlsx,417.843,10.14,67.43,1.85,20.58,18.54688274605805,16.079172761000603,0.0027573551611848,0.006348524613571629,0.002607713406685773,213.24335521683602,-1.074643447890492,1.174e-05,0.00012918639934098624,0.00021348780848750486,4.595543946887368e-05,-0.2525370262119706,-0.22811053002922246,6.78e-06,884.9557522123894,937.5000000000001,6.4e-06,5.54e-06,7.599999999999995e-07,1.684e-05,5.262867916666538e-14,9.038233326488882e-10,0.00015025018459155655,6.595892264316787e-09,0.5856199454304154,4.773108445339695,2.3748596687238415,7.090298776934719,4.550300818212755,0.5896482137924847,0.7009425709084014,0.00029707744721350345,1.4193691515015745e-05,0.1914241960183767,2.854184423433853e-05,0.3828483920367534,2.2335046866685194e-05,1.569678407350689,1.963051662541615e-05,0.1914241960183767,2.9007547606228075e-05,0.3828483920367534,1.045326113317893e-05,0.7274119448698315,4.9213677674990435e-06,1.2778949212332495,2.774975623557488,0.3144209331704561,0.3056599383508916,0.052506373600864825,0.04786274245869358,0.9627259862971501,0.9350981563029965,2.788523278416456e-06,2.0120694734161023e-06,0.5029323135915901,0.48310932915179533,0.0549940231628016,0.05833985719383513,0.9949492423935296,0.9468098720162664,2.0303721589279675e-06,5.777757187227789e-07,0.6808192344247932,0.6874471329676615,0.05061120780494788,0.055274133866319845,0.978185951597133,0.9394562400173432,1.6568544995224842e-06,4.878389614390661e-07,0.8939629674357551,0.9115112671398352,0.06879265022926871,0.05780121740001127,0.9893135647696459,0.9394035967349635,1.3851756400132737e-06,3.813074485147327e-07,1.1604300376071834,1.1371815956898454,0.07492793963449623,0.08144589372636443,0.9905231300336286,0.9041693162569113,2.319496898585059e-06,2.4749043203256517e-07
Moderate_C15_P3_01,C15,P3,01,Moderate,Medium_SCS.xlsx,417.843,10.14,67.43,1.85,20.58,19.25749885410478,19.781233652732844,0.00289591820497528,0.006384918280494911,0.0025647635375358187,82.62972875913077,-0.5197622555616019,1.48e-05,0.0003119751422602836,0.0005826436443120189,0.00012771879612423603,-0.1308658507223579,-0.24501823200178854,1.78e-05,337.0786516853933,367.64705882352945,1.632e-05,1.6320000000000003e-05,9.400000000000012e-07,1.2260000000000001e-05,4.251776719112351e-13,2.5074169324408857e-09,0.00041878953681768745,7.374108297697596e-09,0.5760499311036882,4.688722609858917,1.6391345134840536,7.060704849671912,3.958439233665278,0.6041716141455001,0.58042216472851,0.00030958587476334544,2.6351497337642307e-05,0.1914241960183767,0.00010768914379109736,0.3828483920367534,4.3536170244542494e-05,0.5359877488514548,1.9163119691052624e-05,0.1914241960183767,0.00011212418186499791,0.34456355283307805,3.926991417558127e-05,0.6125574272588055,5.759661447013311e-06,2.473555682841467,2.8552183360640084,0.30453390769214495,0.30415080329761507,0.061543918700273835,0.06343935910503049,0.9577443129430429,0.819610984823191,4.588401863520119e-06,3.3509678330459798e-06,0.48894562449486145,0.4593223259260818,0.05216481257337211,0.045170457870107414,0.9850356137307136,0.7347746212297483,2.831608115195054e-06,1.452492912273336e-06,0.6833379166061438,0.6681042554822612,0.05429080811131229,0.061092086399502525,0.9961732117562461,0.862340890605084,2.0133230464634937e-06,3.0725805906585307e-07,0.8942160440480363,0.89107415428743,0.06420731516667576,0.06705278115446403,0.9939343942746642,0.9392316101847425,1.4779690857517672e-06,5.497437598230132e-07,1.1569531972380138,1.1403172625187592,0.08144149281607224,0.07176333438524148,0.988061834764288,0.9527138744464645,2.0310262623607677e-06,4.1704639567936107e-07
Moderate_C15_P3_05,C15,P3,05,Moderate,Medium_SCS.xlsx,417.843,10.14,67.43,1.85,20.58,18.099178980789034,18.021751680238275,0.00286753782251217,0.006323816986486099,0.002573421090762878,89.70078693399616,-0.48034467014403887,1.076e-05,0.00026191103911963595,0.0004807139043830652,0.00011679481814193423,-0.4018063069261113,-0.16932040361839767,1.772e-05,338.6004514672686,364.0776699029126,1.648e-05,5.64e-06,8.600000000000019e-07,1.242e-05,3.546082083962509e-13,2.370972371604491e-09,0.00035127690688899974,9.538037235450806e-09,0.5815306937299146,4.6843470847390885,1.7966957536809627,7.067709861360634,4.1446487822226965,0.6012923195507077,0.6022733409347303,0.0003076521144138857,2.5102707848737684e-05,0.1914241960183767,0.00010023860593571522,0.3828483920367534,4.4071696238898734e-05,0.5359877488514548,2.1100822732701914e-05,0.1914241960183767,0.00010236725936997098,0.34456355283307805,3.426339779387562e-05,0.57427258805513,5.400831587716792e-06,2.2744439677998654,2.9876563030363616,0.3062411812565669,0.3064501427394827,0.06163150345748048,0.0629381818730999,0.9588719943627516,0.8606631981850692,4.281627430288358e-06,3.052408078100402e-06,0.49175972643285376,0.46728583360605797,0.049277411008173,0.05071992807162549,0.9762001698618309,0.8539271614262266,2.921602587731005e-06,1.4505138616203967e-06,0.6808846224402357,0.6760520447282088,0.05528745963031019,0.05422399125632411,0.990083374599485,0.9284413835403147,1.8934686905157125e-06,4.0741608475529575e-07,0.890455312415811,0.9202044293803504,0.06530560647206386,0.06254020667903783,0.9943062652161081,0.9543004237745322,1.7560459661842749e-06,2.941936412384736e-07,1.1569867484441296,1.1634301373950249,0.0773180715855693,0.06599878538449357,0.9944384936616796,0.9518837785450768,2.2991583256651215e-06,4.439333042951561e-07
Moderate_C15_P3_10,C15,P3,10,Moderate,Medium_SCS.xlsx,417.843,10.14,67.43,1.85,20.58,18.669127724023422,18.59067905850037,0.00282212921057119,0.006227323686111523,0.0025094988001672937,87.80143441851585,-0.5527802111498152,1.534e-05,0.0002606152570412694,0.000500457604532612,0.00011949397438591569,-0.3769752290038264,-0.1536202186173069,1.812e-05,331.12582781456956,364.9635036496351,1.644e-05,5.62e-06,8.799999999999984e-07,1.2640000000000001e-05,3.7147395192944446e-13,2.3994695010041233e-09,0.0003657803361750497,6.086917368530209e-09,0.5717732456577319,4.704995924310377,1.8111539154787992,7.052862267126021,4.212646319945147,0.6046586908346727,0.5989178008126567,0.00030298136293914815,2.5040183764965532e-05,0.1914241960183767,0.00010564067349989126,0.3828483920367534,3.7103613001759075e-05,0.6125574272588055,1.9329962666623453e-05,0.1914241960183767,0.00010768614678714148,0.34456355283307805,3.4587486322741795e-05,0.6125574272588055,8.976277716397998e-06,2.847180155951462,3.1134423204063224,0.3042692993950519,0.30296375001986936,0.060513167874066714,0.06207279817227862,0.9692215298682377,0.8524940728156702,4.148382381072009e-06,2.913098213299895e-06,0.48919252701647625,0.4687669744577496,0.05160119220431802,0.05265245269582254,0.981226961173182,0.8801732098576728,2.6435372811500563e-06,1.2541830819487715e-06,0.6779459491336794,0.6616234690528872,0.0547607077403524,0.06205481470380383,0.9829999563306199,0.7883707407914728,1.98576670450329e-06,3.938146988670963e-07,0.8964707977443067,0.8976871712253971,0.06858496785401494,0.05599747499200921,0.9912210306663837,0.9615883337446938,1.6264087169745352e-06,5.023886471012363e-07,1.1571657283313648,1.1345499739803857,0.07693641639887668,0.07858232690537309,0.995945007079731,0.966594130466889,2.321947664545023e-06,3.1122316386792e-07
Moderate_C15_P3_12,C15,P3,12,Moderate,Medium_SCS.xlsx,417.843,10.14,67.43,1.85,20.58,19.519610933857393,19.35079377268999,0.00289291322330272,0.00638959269643003,0.0025550909443498473,92.68703164853486,-0.5579024360262755,1.056e-05,0.00026391575890793306,0.0005170778869186787,0.00012031410186133341,-0.3525355397921488,-0.16645166039147902,1.78e-05,337.0786516853933,365.8536585365854,1.64e-05,5.680000000000001e-06,8.799999999999984e-07,1.256e-05,3.757661208893644e-13,2.402061594734373e-09,0.00035887655145402366,7.946644983519711e-09,0.5549226914718505,4.693443556530902,1.5836661132374357,7.05745654279623,3.847937186662742,0.6040131506048231,0.5870435469674293,0.00030788536352776717,2.5256549244746513e-05,0.1914241960183767,0.0001027611911416673,0.3828483920367534,4.194847866389899e-05,0.5359877488514548,1.8880230277251652e-05,0.1914241960183767,0.00010501252434297684,0.34456355283307805,3.5084247547296326e-05,0.6125574272588055,6.311972312538789e-06,2.4497000121342642,2.993153015701952,0.3069323936604364,0.3064120574712731,0.06116892225289593,0.06134876422811745,0.9607507266232247,0.895508947869253,4.191927698618321e-06,3.1586142006125594e-06,0.4870779747235022,0.4665044587542358,0.05073220702910766,0.051733117320475086,0.9772315319901582,0.8354398772400281,2.802851718044367e-06,1.3496443449988717e-06,0.6752904977088393,0.682761982151247,0.05416585546735391,0.061655971839198916,0.9783153493325161,0.8355057314531281,1.84994517223381e-06,4.269218433145983e-07,0.8857953846286142,0.9110034792891514,0.0662427769085294,0.0640188807377275,0.9806641489473146,0.9340234697472999,1.6920009253456984e-06,4.171916437378793e-07,1.1566112169193052,1.1328007236061826,0.07723645094218505,0.07784698687552633,0.9959583231444816,0.9732693534680706,2.344652029160467e-06,3.318560662195241e-07
Moderate_C15_P4_01,C15,P4,01,Moderate,Medium_SCS.xlsx,417.843,10.14,67.43,1.85,20.58,13.853988234335032,9.57469685828982,0.00291962417150328,0.0062951027171704735,0.0025626678454173653,91.54933431572499,-0.5671951466903103,1.056e-05,0.0003035288131761099,0.0005734726550753079,0.00012724388136066587,-0.17134679458670865,0.5432820048101447,1.02e-05,588.2352941176471,613.4969325153374,9.78e-06,8.86e-06,1.42e-06,1.5759999999999998e-05,4.216349547225437e-13,2.5650775023124856e-09,0.0003190156129442409,1.241257578900001e-08,0.5787341227698821,4.7751890833836494,1.922441471538839,7.115278441031524,4.34580704321446,0.5995988578134944,0.6108748650216406,0.0003046516630443929,2.7712555818597085e-05,0.1914241960183767,0.00012545362717766398,1.799387442572741,1.78599579328714e-05,1.6079632465543643,1.712183195513196e-05,0.1914241960183767,0.00011223973994616312,0.3828483920367534,1.8164656555787813e-05,0.6891271056661561,4.432750407971599e-06,7.0242953888749184,6.179017666666671,0.28561365726870974,0.28029759156318557,0.049179112322545925,0.05340674908912441,0.9466532930019647,0.9049199760890226,3.340172603992477e-06,3.770216290085658e-06,0.4980859969777538,0.511078730592805,0.05718399437346025,0.042848049919778905,0.9885425101129245,0.9128054031568694,1.6950964763667481e-06,8.267263726832623e-07,0.6826355984373534,0.6987305200468034,0.054135538020418504,0.05165524967438526,0.987506641349255,0.9569474100502443,1.6650620728959423e-06,4.5299863280108793e-07,0.8964195316925442,0.8882183999942596,0.06747425297068713,0.06172896730860043,0.9948647205570481,0.9756237643332921,1.1536389094535307e-06,5.876438773709216e-07,1.1552193998970712,1.1490264780313402,0.07752320233970435,0.07839390567169144,0.9903809892032162,0.9762422478317022,1.7667743244518923e-06,4.935771790668837e-07
Moderate_C15_P4_03,C15,P4,03,Moderate,Medium_SCS.xlsx,417.843,10.14,67.43,1.85,20.58,13.840596297758719,8.970772719860536,0.00291962417150329,0.0063067887570082285,0.00255048827916312,97.78328444138707,-0.6247603900859453,1.044e-05,0.0002941872617384606,0.0005592020874373906,0.00012109365033434009,-0.1267671995077322,0.46430549415206923,1.038e-05,578.0346820809249,587.0841487279844,1.022e-05,6.86e-06,1.6799999999999992e-06,1.8840000000000003e-05,3.821249098694509e-13,2.4665047737178436e-09,0.00034489354168931946,1.460137623606665e-08,0.5786668614080653,4.8164128233136845,2.7004699027547034,7.1342116928272805,5.236335067820916,0.6020034857793954,0.672973930665484,0.00030452750232378984,3.039176835356241e-05,0.1914241960183767,0.00011790644182434625,1.7611026033690658,1.738618939114282e-05,2.3736600306278715,1.645785345554993e-05,0.1914241960183767,0.0001054418489995827,0.3828483920367534,1.7234449020860053e-05,0.6508422664624809,5.090598512225807e-06,6.78161455567703,6.118086093374555,0.2908717070636912,0.2818136614385248,0.05148406448857434,0.05223733340559735,0.9726089624665728,0.9180032045188732,3.6845620789613004e-06,3.899016355594316e-06,0.5028381740257356,0.48219852347990966,0.05417414036758827,0.05509767917472103,0.9785135537350915,0.9182598613830576,1.6564637678040758e-06,8.74219534617503e-07,0.6885227564269758,0.6892862848627136,0.054561982267803476,0.05243406262119311,0.9934077589242174,0.9425580878581045,1.4817005627943427e-06,4.881973990361566e-07,0.8888594345217982,0.9074758196600533,0.06520822740148083,0.064269431142965,0.9889467562180012,0.9793346019878878,1.1933825739853666e-06,6.729570835597572e-07,1.16192491998873,1.1531939267093243,0.07993610087435393,0.07289121187129378,0.9850024536736006,0.9806753084059385,1.5818477946270231e-06,7.511097215017283e-07
Moderate_C15_P4_09,C15,P4,09,Moderate,Medium_SCS.xlsx,417.843,10.14,67.43,1.85,20.58,14.489121873783677,9.157584073531568,0.00294065904321124,0.006303116001630653,0.002558927437825822,93.99597393957032,-0.4649527758036156,1.02e-05,0.00029535306307320827,0.0005531034705096537,0.00012233661719552582,-0.20019762902962324,0.4566452735373968,1.072e-05,559.7014925373134,575.8157389635317,1.042e-05,8.9e-06,1.519999999999999e-06,1.874e-05,3.8992340362436977e-13,2.520347685313652e-09,0.00034817432590159405,1.121145376411172e-08,0.5708153268899029,4.75420442757096,2.3335273179034957,7.097736429447793,4.826922567714116,0.5991463457706601,0.6487351395609781,0.00030379252676715176,2.931514373621418e-05,0.1914241960183767,0.00012317405304049255,1.684532924961715,1.624590994350107e-05,1.5313935681470137,1.6105893863720603e-05,0.1914241960183767,0.00010917463662112242,0.3828483920367534,2.0784070832429677e-05,0.8039816232771821,5.976495674688999e-06,7.581849578571429,5.252803084079786,0.2946361965424256,0.2843466475386485,0.05280458336246996,0.05394990366920553,0.9853295662946232,0.9216278492991415,3.7295184231732056e-06,3.943464600262003e-06,0.5031217084416159,0.488014517604591,0.05744057993317843,0.04896149870757309,0.9778665211337337,0.9388312660494972,1.4130603002120795e-06,1.005664252111385e-06,0.684207058265919,0.6990512457197846,0.053109015578227114,0.054240988500683804,0.9950716798148567,0.9391724027298911,1.6348043411643339e-06,3.407488870914411e-07,0.9034129316312528,0.8779556777066663,0.06488354699793258,0.06569238204425717,0.9945962343950115,0.9509729150264352,1.2262026476582464e-06,5.752222866404284e-07,1.1606657523821333,1.1502826623121196,0.07710443645312977,0.07114347101981613,0.9889180896980533,0.9305649288661163,1.8015480917364696e-06,6.095958825048259e-07
Moderate_C15_P4_12,C15,P4,12,Moderate,Medium_SCS.xlsx,417.843,10.14,67.43,1.85,20.58,13.335658033243678,8.552936737185052,0.00286820559621718,0.006292765509202933,0.00252337627272373,92.45454290861446,-0.41989156673399375,1.022e-05,0.00028773807263622614,0.0005593617975202122,0.00012280573487824563,-0.31017146724771383,0.37760039761492603,1.062e-05,564.9717514124294,568.1818181818181,1.056e-05,6.659999999999999e-06,1.699999999999999e-06,1.874e-05,3.931554650025363e-13,2.527194150691944e-09,0.00036125121956007947,1.226763444633e-08,0.5659619394728603,4.741974232889089,2.2967153881691926,7.0605312371044455,4.777774003999768,0.6014326235826511,0.6432419070389555,0.0003018807350228723,2.89113287386229e-05,0.1914241960183767,0.00012384556865642463,1.5313935681470137,1.768301223456825e-05,1.799387442572741,1.73499340012208e-05,0.1914241960183767,0.00011024017953553699,0.3828483920367534,1.9968995220017287e-05,0.6891271056661561,4.553025679366806e-06,7.003646211965777,5.520566898852444,0.28981611448672606,0.2810452053755968,0.05284416847475627,0.05394888910566634,0.9696974130938176,0.8856996871687747,3.4207560563940615e-06,3.714589938358209e-06,0.49919728716809375,0.49934111508673884,0.05778572509070816,0.04851186364400007,0.9681350087983176,0.908388982142921,1.7131631927948014e-06,8.196946198339753e-07,0.6839471904857591,0.6964459354846387,0.05491979920247994,0.05120136315113483,0.990947065882031,0.9617624339775868,1.5375669693530245e-06,5.245780653814402e-07,0.8937759146221135,0.8986037991064296,0.06310576719706339,0.06767430524764355,0.9940059006691119,0.9595700594217715,1.4049072212021958e-06,5.502522589360369e-07,1.1645962730586594,1.1427758936759418,0.0761836063341756,0.07446679411053737,0.9868315851775236,0.9632472179583931,1.872686406303167e-06,6.326741738789444e-07
Moderate_C15_P5_01,C15,P5,01,Moderate,Medium_SCS.xlsx,417.843,10.14,67.43,1.85,20.58,23.855813159548333,23.681759314344767,0.00310526526149729,0.006395268772922629,0.002613460369053588,115.15819490128985,-0.41712726497308844,8.5e-06,0.00043486788531603795,0.0007284224668117829,0.00011389477996749579,3.297028660773891,1.076517589527194,8.56e-06,700.9345794392524,761.4213197969542,7.88e-06,7.18e-06,4.799999999999988e-07,4.26e-06,3.347274749739143e-13,1.9527962875364997e-09,0.0001869838031345131,7.972369691316493e-09,0.5868832746154885,4.737889770098102,1.7161914963507232,7.11890720465344,4.012361549481345,0.5991214592727715,0.612389475137802,0.00030943794647293136,2.8752962106173998e-05,0.3828483920367534,7.746717177019863e-05,0.15313935681470137,4.336106364411283e-05,0.6508422664624809,1.808970761052247e-05,0.42113323124042873,6.823528571338837e-05,0.1914241960183767,4.371658488644459e-05,0.6891271056661561,6.82082613930312e-06,1.7865606484991234,1.560855778871479,0.3212200298801764,0.3248330985389346,0.055657684072079085,0.0512169751664131,0.964911569918095,0.9495999156043654,7.587393377334623e-06,6.9758085912841394e-06,0.4629163804525652,0.4591108418529352,0.04399644759736246,0.045921734773731585,0.832011179793945,0.8249108886812753,4.2058948668694095e-06,4.099739059027328e-06,0.6817529113362693,0.6672469502368066,0.05608384327218672,0.03854932093955642,0.9792024469515525,0.8542854357965711,2.062989051274161e-06,6.175684228719173e-07,0.8942722482036357,0.8944835879502782,0.06493599423351147,0.06438808493365855,0.9979997361016412,0.9830014524295037,1.720531732029629e-06,4.846292050923356e-07,1.153604484847914,1.1519264318339952,0.07652720991650194,0.07504520528834932,0.9962594913252318,0.9389969099141796,1.955695048292315e-06,4.065704048704304e-07
Moderate_C15_P5_05,C15,P5,05,Moderate,Medium_SCS.xlsx,417.843,10.14,67.43,1.85,20.58,23.060756897293963,23.486658192840277,0.00303548290932328,0.006217974854241324,0.0025453604963262184,110.23551542660519,-0.2727698881628132,8.5e-06,0.0004373572645402918,0.0007436856269499245,0.00011184135250864467,3.275230939954027,0.9873353200891276,8.52e-06,704.2253521126761,759.493670886076,7.9e-06,7.18e-06,6.200000000000008e-07,4.26e-06,3.231643361356389e-13,1.9354369123128956e-09,0.00019582680478993846,8.312086494126863e-09,0.5585221521454757,4.717598116607369,1.8111162337776334,7.086477488646307,4.150008059129537,0.6008037826913583,0.6214160633981191,0.0003031843976202712,2.8828941676933102e-05,0.3828483920367534,7.659798141289543e-05,0.15313935681470137,4.5299917445191846e-05,0.6125574272588055,1.954437621485874e-05,0.42113323124042873,6.406385588443854e-05,0.1914241960183767,4.361743081511689e-05,0.6891271056661561,8.04149020564907e-06,1.6909077111379562,1.468767261584515,0.31986687972210814,0.3242499963210926,0.055988980046496085,0.051159512662508094,0.9708949095128279,0.9510358381205356,7.5872785316502624e-06,6.903557795774405e-06,0.4638487185931927,0.4590112799713273,0.04380639399915169,0.045560837974901534,0.8344638063357763,0.8234879711686949,4.083707897097428e-06,3.897404026009603e-06,0.6821853091417212,0.6671094454844863,0.059041798424197746,0.04696753309836476,0.9634113786427285,0.8351703119273591,1.9675325579442986e-06,5.967878479372952e-07,0.9001749176608211,0.8783435003887332,0.06883428194731327,0.056774475909067965,0.9941010133127602,0.9429966944751726,1.5912258876451821e-06,6.068881054807014e-07,1.1561324123526222,1.1254044200788205,0.07440234734080944,0.07686575552527553,0.9922955679657173,0.9507392668188155,1.940928108003199e-06,4.066583176096645e-07
Moderate_C15_P5_10,C15,P5,10,Moderate,Medium_SCS.xlsx,417.843,10.14,67.43,1.85,20.58,23.386998666100638,23.265884588666076,0.00300977362168023,0.006355870124326794,0.0025431113559759473,118.74689181291987,-0.28006313962451407,8.64e-06,0.00039752988517997336,0.0006991710429005272,0.00010848414371603656,2.913769465540793,0.8314600874799731,8.62e-06,696.0556844547564,755.6675062972292,7.94e-06,7.18e-06,4.799999999999988e-07,4.4e-06,3.0346681582297884e-13,1.8559271465157907e-09,0.00018500992061089516,1.539423267611663e-08,0.5566467501718521,4.730219863354518,1.790114061468178,7.0759647937356895,4.05603166608524,0.6027308566615243,0.6252065379595045,0.0003041141104313973,2.8293987478435283e-05,0.3828483920367534,7.462501791537415e-05,0.22970903522205205,4.295563317519957e-05,0.6125574272588055,2.0814470399004177e-05,0.42113323124042873,6.455901315366074e-05,0.1914241960183767,4.051171649874716e-05,0.6891271056661561,7.361528861856916e-06,1.7372579720510537,1.5935886489052766,0.32065875393894994,0.32473678678031,0.056055095129905516,0.051236388107426936,0.9661362508213871,0.9484112222536071,7.257559675983709e-06,6.641210656486588e-06,0.46319474413071826,0.4591036542933539,0.04397527332342221,0.046140595460508485,0.8289741080283102,0.8230104552816055,4.013390385244554e-06,3.868105200051663e-06,0.6745842067622775,0.6709730926606263,0.055727747542122175,0.04459417637385019,0.9658832515929607,0.927700638991735,2.0590638896588045e-06,8.210004437437871e-07,0.8855992346204103,0.9155575405804226,0.06434340824190929,0.0659165226124497,0.9859733427428677,0.9268668644258296,1.7694879746534473e-06,3.942271399027087e-07,1.1553005800894585,1.1206534008491302,0.07712504221074695,0.07195274973397948,0.9973435926220615,0.9205542446587064,2.0344606665654394e-06,2.9056199888620676e-07
Moderate_C15_P5_12,C15,P5,12,Moderate,Medium_SCS.xlsx,417.843,10.14,67.43,1.85,20.58,23.602298537661973,24.337735134280525,0.00307554933162415,0.006361546200819408,0.0025799287931706676,117.29552841322032,-0.406893870064575,8.7e-06,0.00042356351495184485,0.0007217194642262538,0.0001107880614786726,3.3520063593867606,1.1394543326475268,8.62e-06,696.0556844547564,759.493670886076,7.9e-06,7.2199999999999995e-06,5.000000000000003e-07,4.28e-06,3.1792007218565344e-13,1.9496236886664685e-09,0.00021381731569778092,9.642913573570423e-09,0.5600123362950309,4.722097228692123,1.6623760830706156,7.0877434422186525,3.8876668791288567,0.600405828701806,0.6103813040313346,0.0003066972801123559,2.7850699422700227e-05,0.3828483920367534,7.843893049643885e-05,0.15313935681470137,4.823429110843324e-05,0.6125574272588055,1.9132729370420247e-05,0.3828483920367534,6.594780112685212e-05,0.1914241960183767,4.0056896705979425e-05,0.8805513016845329,3.966439387143017e-06,1.6262067310971202,1.6463531851845798,0.32247867018712734,0.32732513923660034,0.05519962359477943,0.04984481468140461,0.9640333036616532,0.9435807556861425,7.389345162366792e-06,6.728270789676068e-06,0.46234952723766587,0.45944563251468945,0.0432589804295762,0.046636782735543864,0.8167679451318808,0.8289897813330146,3.854488269302273e-06,3.751927798104005e-06,0.6809155006230649,0.6586673707809114,0.05709647908527173,0.045355558143138505,0.9789840615675416,0.8721508600578902,2.0880227781595755e-06,6.49013288997366e-07,0.8929867375718454,0.8868958549440559,0.06616641202940968,0.06277673119738271,0.9956328054403737,0.9695382750818348,1.6175628234580052e-06,4.874787329862709e-07,1.157084440379636,1.1095896830983765,0.07707961372158108,0.07146345413856131,0.9949208567441864,0.8520715748007176,1.9795106714191103e-06,2.479033244904169e-07
Moderate_C16_P1_01,C16,P1,01,Moderate,Medium_SCS.xlsx,440.387,12.9,62.09,0.45,24.56,22.28311771179392,25.004000613981763,0.00296937331252686,0.006318474796845988,0.002529505385597882,128.32152268119643,-0.45508322287962305,8.36e-06,0.00037383327175525004,0.0006874789300287282,9.313293002754848e-05,4.535598286040003,0.41995202585134933,8.32e-06,721.1538461538462,765.3061224489796,7.84e-06,6.999999999999999e-06,3.4000000000000013e-07,3.56e-06,2.2561999236302592e-13,1.5471507398547779e-09,0.00012948031587765453,1.1073586667336043e-08,0.5734621194544328,4.750564374739268,1.623385425747153,7.078255877720763,3.7106201516394304,0.6057920851896653,0.6271192365183444,0.0003044123579272205,2.6150343789527142e-05,0.49770290964777947,6.17672413654185e-05,0.22970903522205205,3.771157716943551e-05,0.7274119448698315,1.9097812270075386e-05,0.4594180704441041,4.879433958941027e-05,0.30627871362940273,3.560372600991786e-05,0.15313935681470137,2.2492019653996476e-05,1.637885348841742,1.3704840388147566,0.3154415527217154,0.32013263655310226,0.05975752887846099,0.05408395430444771,0.9656574180285172,0.953540733788572,4.8535753821206e-06,4.0249667755773375e-06,0.4915035186555471,0.4894777795120573,0.04862356325240123,0.05128681332973508,0.9745305526578563,0.9888541935276246,6.5956885606713645e-06,6.644544507314066e-06,0.676502804537504,0.6641880948991025,0.05986390134493242,0.050255269535084676,0.9250648665060383,0.9310389209140246,2.663848256180604e-06,1.5193172933147883e-06,0.8955300970255824,0.8799509693889339,0.06379589788373717,0.0683944628040893,0.9956096176886746,0.9394206427396614,1.819415435857595e-06,4.951779713925093e-07,1.1530356581321417,1.1763954489283126,0.07978874701366052,0.07935687996271416,0.9946664865841606,0.9039375037387614,2.170848065138182e-06,2.523965927189154e-07
Moderate_C16_P1_05,C16,P1,05,Moderate,Medium_SCS.xlsx,440.387,12.9,62.09,0.45,24.56,23.639718903559807,27.93677004669467,0.00303080849338818,0.006272398411199995,0.0025681015637812653,133.4254787557509,-0.8326909698522702,8.46e-06,0.00038051929564446806,0.0006697663450945229,8.946592897909017e-05,5.29099396907357,0.8652500094329968,8.42e-06,712.5890736342043,761.4213197969542,7.88e-06,7.080000000000001e-06,3.5999999999999994e-07,2.58e-06,2.0607233386783588e-13,1.4528506012325868e-09,0.00011333385917247025,6.021516124535115e-09,0.5595264687307814,4.7604584785714605,1.4416817230571357,7.114545810380934,3.38040480753395,0.6004694036012326,0.613126416256828,0.0003040275685020636,2.438008899116916e-05,0.49770290964777947,5.6846893563203733e-05,0.22970903522205205,3.870634591319858e-05,0.7274119448698315,1.673765673436148e-05,0.42113323124042873,4.887930384065913e-05,0.22970903522205205,2.2782333651294706e-05,0.7656967840735068,4.4808941186830675e-06,1.468671112019082,2.145491433990561,0.31647403701827953,0.32199306990554966,0.059428406003558594,0.052957550145942694,0.963065677119542,0.9376415257838956,5.011843023520932e-06,4.106405539622326e-06,0.49101677278948147,0.48738598259035876,0.049445373186136184,0.051886365836204845,0.9779674544404482,0.9855174120224276,6.217850206502149e-06,6.188506754821139e-06,0.677532908027874,0.6638278123431058,0.058906836545129175,0.05089222695551223,0.9556100099882022,0.9165789505994086,2.4410200054504695e-06,1.1090356987324933e-06,0.8943861139290223,0.8855618643044063,0.06405571990291735,0.06762385655473563,0.9941567927742692,0.9596966307125001,1.936986426420179e-06,4.4881160048095054e-07,1.1533312967020695,1.1402181343609668,0.07794062503748742,0.07629155248094305,0.9951287212078903,0.9775423453311125,2.035263352193509e-06,3.546686746064304e-07
Moderate_C16_P1_10,C16,P1,10,Moderate,Medium_SCS.xlsx,440.387,12.9,62.09,0.45,24.56,23.388565266138563,26.662923218745533,0.00296136002806669,0.006322481439076078,0.002511951994398519,139.25583056874757,-0.8796604306326594,8.36e-06,0.0003831041429987578,0.0006643420972132082,8.790501418311687e-05,5.717669310268864,0.8806377496297045,8.38e-06,715.9904534606206,757.5757575757575,7.92e-06,7.080000000000001e-06,3.8000000000000144e-07,2.6399999999999993e-06,1.994389237418096e-13,1.4163136967740643e-09,0.00012193813244162391,1.3247725440742994e-08,0.5722821429027556,4.819614698698314,1.4724723029508155,7.132468571216709,3.347156077254332,0.6055825088799035,0.6198848631706342,0.0003015104711102828,2.424514399024451e-05,0.3828483920367534,5.80301784391654e-05,0.22970903522205205,3.5947777953831176e-05,0.6125574272588055,3.079817918776272e-05,0.42113323124042873,5.0181441003804526e-05,0.15313935681470137,2.2559701520303123e-05,0.8039816232771821,4.700000227337064e-06,1.6142910668749608,2.2243839854999234,0.3186799688703241,0.32460777407838054,0.059528340470703246,0.0531222888991851,0.9529050206965085,0.9363104658409372,4.841150105934926e-06,3.939942864178213e-06,0.48974227164122,0.48617171657068603,0.04990107434521504,0.052212538194490954,0.9783768290802362,0.9838220097060757,6.05788086185227e-06,6.1048107263578635e-06,0.6759518570836586,0.6637195081634717,0.059753417354237094,0.04982339408922492,0.9307318532952101,0.928596197373944,2.391836715133994e-06,1.3156319567878466e-06,0.904116245686325,0.8702469519415839,0.0660994280581836,0.06114120358029585,0.9976727660784782,0.93758693271146,1.6628460207878961e-06,5.274701232457547e-07,1.150385789025665,1.1369399521983725,0.07770447355706846,0.06074544828151494,0.9945803903007364,0.9068064746396908,1.9645448412245937e-06,4.238201097510068e-07
Moderate_C16_P2_01,C16,P2,01,Moderate,Medium_SCS.xlsx,440.387,12.9,62.09,0.45,24.56,21.076074859334394,19.789346614878202,0.00286286340657707,0.006289426640677861,0.002589592811512246,162.10754656700456,-1.117252053202354,8.48e-06,0.00020751202373754302,0.00041159455988528233,6.538338416311535e-05,1.4827767456306713,-0.17343943229650785,8.54e-06,702.5761124121781,744.4168734491315,8.06e-06,6.2e-06,3.9999999999999956e-07,1.7860000000000002e-05,1.1063676007878606e-13,1.197730851499727e-09,0.00021464873096492328,1.0307975880756834e-08,0.5482567688539748,4.812079841009612,2.203812060295818,7.102944428541535,4.476982106189208,0.5993115641248289,0.676897574663266,0.0003041997461030228,2.0230442075549217e-05,0.34456355283307805,4.1151656731096736e-05,0.49770290964777947,3.484747884764143e-05,0.1914241960183767,3.218271765254481e-05,0.34456355283307805,3.946689143043386e-05,0.1914241960183767,2.6101762080008775e-05,1.8376722817764164,3.5338720438021072e-06,1.1809076843151396,1.5120392944130805,0.31975213736061975,0.3118091335495972,0.05040579869200376,0.05168289614290331,0.9358489589955445,0.8752557985019095,3.4757730011723234e-06,3.0382764633372255e-06,0.4949968261860232,0.4913792700554762,0.05017860330512169,0.052408075021786994,0.9748945825256019,0.9944070041517191,3.709880181960465e-06,3.720066985935359e-06,0.662855460568392,0.6550468154046868,0.05478094852863737,0.05060529102377101,0.866932988026105,0.8514747673563079,1.2959807250805063e-06,8.604953553919699e-07,0.9041702406773662,0.9118852985324479,0.06363123139728068,0.06775366746223678,0.9904575443929416,0.9446851177419167,1.1467748985386835e-06,3.1368799060060985e-07,1.1661404314634527,1.1600232569021784,0.07429213587835533,0.07405511722246025,0.984162203019428,0.8745527074862985,2.989678037640225e-06,4.006875783839484e-07
Moderate_C16_P2_05,C16,P2,05,Moderate,Medium_SCS.xlsx,440.387,12.9,62.09,0.45,24.56,20.10675410263621,18.673464234609632,0.00276503455879246,0.006206288814403572,0.0025134841284570717,157.87869563930303,-0.9501738347695888,8.58e-06,0.00022140064567302434,0.0004349519185651323,6.656486639572529e-05,1.4479720890526382,-0.01429596149499411,7.48e-06,802.1390374331551,879.7653958944281,6.82e-06,6.220000000000001e-06,5.000000000000011e-07,1.204e-05,1.1400266818429267e-13,1.258938164774099e-09,0.0002104502192158634,7.632302815585673e-09,0.5556862336859468,4.89571473898698,1.8463497450420032,7.187674829644211,4.002348645497775,0.6035655724877542,0.6521825071714374,0.0002992123083464768,1.9748621728835642e-05,0.34456355283307805,4.018526407327103e-05,0.49770290964777947,3.446957116748301e-05,0.1914241960183767,3.442992504111433e-05,0.34456355283307805,3.6986353138300375e-05,0.1914241960183767,2.855817725138132e-05,0.8039816232771821,3.9942237549904104e-06,1.1658184754372998,1.2951229876335475,0.31868582207562957,0.3090039359942312,0.052213985289294704,0.05181580744468681,0.9241420115547303,0.8881328675917236,3.2777874357547543e-06,2.9520030778541153e-06,0.49567939991276744,0.4925734340754838,0.051798981815567316,0.05383539945182316,0.9778402257369163,0.9971230988225318,3.8071270228470866e-06,3.829120097883144e-06,0.6605468067020476,0.6555937835090925,0.05554887638360234,0.04833304153300286,0.8225482414047105,0.8663537352074377,1.0675601999945491e-06,8.726804551801278e-07,0.913690325944204,0.8848028459211928,0.06300458361971083,0.06887916228030912,0.985278866272664,0.952185248488963,9.54899445518769e-07,5.096416043591351e-07,1.1637760824935293,1.1722555368081697,0.07473957888183627,0.06363463363288163,0.9886144653430334,0.9333191676650996,3.1003389760827853e-06,3.544223687546182e-07
Moderate_C16_P2_10,C16,P2,10,Moderate,Medium_SCS.xlsx,440.387,12.9,62.09,0.45,24.56,22.528051970640668,20.829393467598287,0.00290326371573044,0.006376904996034732,0.0025991193401366827,163.5325858748905,-0.902303718983768,8.62e-06,0.00023754048248069906,0.0004554318005052583,6.517755065958259e-05,2.1690668751935096,-0.04199110418888435,8.56e-06,700.9345794392524,738.9162561576354,8.12e-06,6.36e-06,4.2000000000000106e-07,1.7760000000000003e-05,1.0870158223225033e-13,1.157936167995469e-09,0.0001929277433457905,1.253755574431438e-08,0.5456753476690878,4.797226324489065,2.169742754296614,7.101178555916684,4.395682569467606,0.5990365851641691,0.6774974705531805,0.00030540395120114047,2.0379286916307352e-05,0.34456355283307805,4.05169968919474e-05,0.49770290964777947,3.4612733105716e-05,0.1914241960183767,3.202448175426485e-05,0.34456355283307805,3.79965771509095e-05,0.1914241960183767,2.7868480948845414e-05,0.7656967840735068,3.506656086874123e-06,1.1705806530104872,1.3634247183127854,0.32061787105464046,0.310780731246438,0.05248421182907951,0.053178162039390124,0.9319206532140946,0.9217906280868894,3.3812385843123524e-06,3.0895311187487206e-06,0.4946651542423832,0.4904391717124985,0.05074458878370845,0.05286962903060228,0.9721449823883175,0.9937980085106316,3.850675777169712e-06,3.8548218651095255e-06,0.6649035625045052,0.6564310825922769,0.05613921820484626,0.05152141290859893,0.8599708703991519,0.8541066928433482,1.236623734803934e-06,8.184902115906518e-07,0.9141102557137348,0.9269085020121843,0.06485057295897632,0.06501367346253695,0.9843601064084777,0.9088249757710715,1.2250069051179522e-06,3.6586765814453893e-07,1.164754587692695,1.161772516400285,0.07638951952528338,0.0673556511431548,0.9874398995127394,0.9385474937799958,2.746834339420654e-06,3.4947483843974165e-07
Moderate_C16_P3_01,C16,P3,01,Moderate,Medium_SCS.xlsx,440.387,12.9,62.09,0.45,24.56,21.213926196139944,18.551505709526868,0.00278907441217298,0.00633884189484893,0.002489382368637055,160.61880138463562,-0.9127317122669273,8.52e-06,0.0002316533251890876,0.0004470493785803061,6.560208316838203e-05,2.3022921569421015,0.21442262735172887,8.42e-06,712.5890736342043,759.493670886076,7.9e-06,5.9e-06,4.4000000000000087e-07,7.76e-06,1.1160084079884056e-13,1.1872884267649959e-09,0.0001381886458802819,1.4126736373473297e-08,0.5724920119190662,4.85747699690879,1.9668758928508825,7.132039742027259,4.116478375202808,0.6063201843411358,0.6631317531257422,0.00029901746751220327,1.9749079591381988e-05,0.3828483920367534,3.88970575434328e-05,0.15313935681470137,3.238641352839313e-05,1.6079632465543643,2.2802245005334224e-05,0.34456355283307805,3.6098420852948484e-05,0.1914241960183767,2.9369556995394282e-05,0.49770290964777947,2.4520788536413925e-05,1.2010300649160095,1.2291101166251606,0.32740800700610406,0.3243445556231641,0.04908947573045029,0.04634961105898093,0.9010172711246127,0.945297718337649,3.961703505774841e-06,3.838681911471662e-06,0.48335123166574673,0.48369067846813396,0.045411804467227694,0.050887721013447525,0.9005033710420213,0.9680225142315323,2.965065172806733e-06,2.9805196483433954e-06,0.6712778316325468,0.663881369449173,0.05396858836966051,0.049461440969738965,0.9458408026713675,0.9225408969337012,1.5089395940176572e-06,6.980871464007943e-07,0.9002059440879285,0.8963133418577117,0.06831658271363943,0.05901525154879001,0.991797033504479,0.8889923968440618,1.0859611573445085e-06,3.127983664007124e-07,1.1696140079377482,1.1293474532587005,0.07226916444667626,0.08635182557760598,0.97842888029411,0.917019926022591,2.6025989077051895e-06,3.617388930779353e-07
Moderate_C16_P3_05,C16,P3,05,Moderate,Medium_SCS.xlsx,440.387,12.9,62.09,0.45,24.56,21.403629445661636,21.359007731815545,0.00281144483129096,0.006306120983303232,0.002531104057445637,168.8585136051233,-0.8812114663854389,8.4e-06,0.00022630885246373514,0.0004511266599952329,6.423257257723418e-05,2.924334339102222,0.01648863233628435,7.12e-06,842.6966292134832,967.741935483871,6.2e-06,5.84e-06,3.7999999999999975e-07,7.62e-06,1.0611650465549163e-13,1.1300676651069121e-09,0.00013649077879971064,1.0806729524922512e-08,0.568656694157145,4.805447371587962,2.0901674826572756,7.098663545303303,4.345037694225554,0.601387751405274,0.6677505524750295,0.00029925626070073495,1.9414654694243995e-05,0.49770290964777947,3.477846374914108e-05,0.34456355283307805,3.4518245941826336e-05,0.1914241960183767,2.7847844030546076e-05,0.34456355283307805,3.469541624962683e-05,0.1914241960183767,2.9447485180898365e-05,0.9188361408882082,3.107887308801878e-06,1.007538529049673,1.1782131770600042,0.3234251712260904,0.3199548437875222,0.04924020089500443,0.04584332911232102,0.9214883385530388,0.9505342162637087,3.908401515643586e-06,3.790698147273171e-06,0.4880585335919822,0.4862965063230723,0.04607925659620847,0.05103514780059905,0.9375039124506154,0.9804714150102861,3.0879749743805765e-06,3.0618350802231816e-06,0.6650229167005656,0.6487679808277425,0.054316331363656205,0.04455682357559035,0.9245195175408134,0.7852316657018411,1.462928406264992e-06,6.386115984201795e-07,0.901465916023708,0.8890911925891805,0.06977716210362206,0.056621392548393705,0.9785023740543364,0.9337436454912493,9.876549788296426e-07,4.16890226489583e-07,1.1597539368891587,1.171176374066266,0.07601378569992953,0.08081868800512476,0.9941993976339473,0.9314613885520509,2.6715394602141174e-06,2.7983213699058624e-07
Moderate_C16_P3_10,C16,P3,10,Moderate,Medium_SCS.xlsx,440.387,12.9,62.09,0.45,24.56,20.455821367827735,20.783709259876304,0.00276937508787506,0.006310127625533305,0.0024919189455483042,171.593827764185,-0.7161695283345135,8.32e-06,0.00021470663451197462,0.00041759530018447265,6.154128505050073e-05,2.717982451178483,0.19879785233064692,8.52e-06,704.2253521126761,759.493670886076,7.9e-06,5.9e-06,3.9999999999999956e-07,2.12e-06,9.698954252351313e-14,1.0798739243421655e-09,0.00012254092103026616,1.216624042090821e-08,0.5684297879776317,4.873481517457496,1.9808551319716028,7.147332531877992,4.149653273293627,0.6054167838271158,0.6658113611389087,0.0002977834671239834,1.8817323218405355e-05,0.49770290964777947,3.467257973548233e-05,0.34456355283307805,3.430978723789487e-05,0.15313935681470137,2.700166738908854e-05,0.34456355283307805,3.386331067809959e-05,0.1914241960183767,2.840065385553018e-05,0.49770290964777947,2.305952954209791e-05,1.010573994076325,1.192342600913856,0.3258580677927872,0.31984075869235673,0.049391645143657924,0.04802193048634117,0.8899836287102763,0.9629910070906456,3.7104211314728237e-06,3.59467879309108e-06,0.48925093239928563,0.48541016284744126,0.04674429128151866,0.05188036234069405,0.9390069664953382,0.9761560840497677,3.03930040351502e-06,2.9238331878390235e-06,0.6698367783187024,0.6536619700624827,0.054435191281263354,0.04408623686715339,0.9500064745333598,0.8399071462474981,1.4670853865354665e-06,5.824705957559723e-07,0.8978252330212388,0.8903167068189476,0.06850438371216067,0.06683734527505025,0.9937125238758987,0.9628137728671113,1.1069946770672765e-06,3.147769344704716e-07,1.1624097510084506,1.1530888233422665,0.07582454160626961,0.07129331473619648,0.9911939272316979,0.9319575030900273,2.879164132080149e-06,2.4765494081195e-07
Moderate_C16_P4_05,C16,P4,05,Moderate,Medium_SCS.xlsx,440.387,12.9,62.09,0.45,24.56,20.089143048942873,21.37746011719394,0.00279308105440306,0.006277740600840109,0.0024884797687392836,200.50862525049004,-0.9738437860265371,8.1e-06,0.0002471397803954838,0.0004279312737933721,6.097477531775011e-05,5.07865519947152,0.8510549222667272,7.9e-06,759.493670886076,789.4736842105264,7.6e-06,6.64e-06,3.4000000000000013e-07,2.739999999999999e-06,9.299824890331014e-14,9.66385665755005e-10,9.288350888067462e-05,1.2278721909041712e-08,0.5815729440552188,4.94570393931205,2.0723633046363292,7.180203960812672,4.225258224760404,0.6013300551632158,0.6765933123872262,0.0002925784267891672,1.9084541021964285e-05,0.3828483920367534,5.135864372277655e-05,0.6508422664624809,2.7431930427187297e-05,0.15313935681470137,1.7370271318133794e-05,0.3828483920367534,3.7074095617978146e-05,0.1914241960183767,2.2819417657559134e-05,0.6508422664624809,1.379542568409481e-05,1.8722212053897132,1.6246730985715547,0.33038089855648023,0.3335708784681013,0.05499125247095645,0.04819341270909107,0.8832563343919246,0.9082303671866708,3.2606561953379657e-06,2.9241289209769597e-06,0.47918708755575046,0.4830321436774791,0.04274628989151934,0.05062328047885377,0.8459877865443564,0.9728065403905805,3.85721158883035e-06,3.7269840127834954e-06,0.6793748391879699,0.6694278646595285,0.05484517556018586,0.04860976016280201,0.9550722241755868,0.9284688301336886,2.476129808990736e-06,1.1860170202316197e-06,0.8881997074488172,0.9166142960383891,0.06319209445959288,0.06014587024668808,0.9840612302074079,0.956116443937123,1.978231380364076e-06,4.6158899598120117e-07,1.15329320332619,1.1304814006989194,0.07610599518451806,0.05719041870530619,0.9982006069035393,0.8678856896810067,2.117542284948576e-06,2.8716796626046997e-07
Moderate_C16_P5_05,C16,P5,05,Moderate,Medium_SCS.xlsx,440.387,12.9,62.09,0.45,24.56,22.088547907723445,18.55096385638039,0.00277371561695765,0.006242682481326846,0.0024721936203245007,164.14100404313547,-1.1973250248115186,7.92e-06,0.00022663555311059198,0.00043436405200280074,7.131595531926386e-05,1.124017695101653,0.38448992427580964,7.84e-06,765.3061224489796,813.0081300813009,7.38e-06,5.4400000000000004e-06,4.399999999999992e-07,9.46e-06,1.2987663940879997e-13,1.3556017061770373e-09,0.0001896486733306844,1.5566430441756008e-08,0.5823418834393286,4.885059289613041,2.5868252207681945,7.1442987729178045,4.9573254715297965,0.6068856782623598,0.6983571938002076,0.000296323901024046,2.2473781364021912e-05,0.30627871362940273,3.878468556846382e-05,0.15313935681470137,3.2672616220006874e-05,0.5359877488514548,2.767454582306503e-05,0.34456355283307805,4.295673104281975e-05,0.1914241960183767,3.714725884882018e-05,0.6125574272588055,1.0930662861280597e-05,1.18707005647268,1.1563903022091704,0.32881299901415756,0.32215299438838074,0.04265410105865684,0.04827840633173144,0.8890216442963714,0.944420158166287,4.560678054080692e-06,4.184319048369998e-06,0.4861965512342516,0.4762799195610897,0.054411586959746405,0.05046046052068961,0.9283199392859748,0.9479052174451821,3.3086090901255054e-06,2.929737698772742e-06,0.6766773748167841,0.6734592829160826,0.05136082788378858,0.05894566073229867,0.9774974963318875,0.9051271572365543,1.690753603170002e-06,7.663178696136821e-07,0.8954046329059159,0.8930026819414745,0.06610960841915897,0.06396654273516753,0.9948624515512624,0.9312924959042569,1.4151107967316772e-06,4.793926465360138e-07,1.159258618565423,1.1720775687949734,0.07457588331012971,0.08522459107927732,0.9935066570354036,0.9419342455242815,1.9824261153839992e-06,3.511554220966848e-07
Moderate_C16_P6_05,C16,P6,05,Moderate,Medium_SCS.xlsx,440.387,12.9,62.09,0.45,24.56,27.270395688218926,23.344155637226503,0.00303181015394571,0.006352531255801713,0.0025531769971701623,125.37727169106404,-0.5863981967449957,8.08e-06,0.00037926091795167927,0.0006797929921652647,9.64125491978566e-05,3.628668753358781,0.7348748227996779,8.12e-06,738.9162561576354,800.0,7.5e-06,6.740000000000001e-06,4.1999999999999937e-07,2.8999999999999993e-06,2.380650134571611e-13,1.6479780203772421e-09,0.00019264725813083875,9.853717057192154e-09,0.5837487951238012,4.773387793418935,2.0950600399599377,7.103263747542629,4.448902941004608,0.6038348996143634,0.654644577096439,0.0003057419575434252,2.7141594919399815e-05,0.3828483920367534,7.79983942177466e-05,0.22970903522205205,3.466659042340396e-05,0.6125574272588055,1.9839228287721237e-05,0.3828483920367534,6.325210612449858e-05,0.22970903522205205,2.8985336034456613e-05,0.57427258805513,1.92669964873935e-05,2.2499585628452836,2.1822104759143217,0.321142181156125,0.32249592059168775,0.05497909919873353,0.0518414542982418,0.961602549424814,0.9556435811840216,6.832689855765586e-06,6.517000000071544e-06,0.4826381552500016,0.4805347942994208,0.049288241479439006,0.053537913047067086,0.9410864206693893,0.9667774712910625,4.260861780962638e-06,4.167491007014956e-06,0.6671038496889804,0.669247717734973,0.052912737890745055,0.05296794475719609,0.924447540445809,0.9407357888646577,1.8144035878904725e-06,1.1521027209699921e-06,0.8920076038464526,0.8975087378326809,0.0693971688805378,0.06824509974189902,0.9771723036896959,0.9144676994980449,1.319080675237945e-06,4.358779021381223e-07,1.1691638435926932,1.1127408542200834,0.07292682629519916,0.06934676517822289,0.9772259211822961,0.8891085003339588,2.323171737183249e-06,4.268581160047316e-07
High_C5_P1_01,C5,P1,01,High,High_SCS.xlsx,317.617,26.48,28.19,17.56,27.77,23.6542358602519,22.885291514006042,0.00259174728234122,0.00553016793807651,0.002325622185115365,289.6134878731358,-9.299948581139422,3.94e-06,0.00022511427893920135,0.0003596567245719852,3.3701250733652266e-05,13.319001343342173,1.7191603167288068,3.88e-06,1546.3917525773195,1639.344262295082,3.66e-06,2.1799999999999995e-06,2.6000000000000005e-07,7.399999999999997e-07,2.937442038837638e-14,5.250169981247228e-10,7.221434524831997e-05,4.9145874116125476e-09,0.4209438751503095,4.454255440141652,1.6419833140747944,6.2040791973927405,2.8528967542345347,0.5875545743082387,0.6907707210153243,0.00026421091767551,1.3381288890170723e-05,0.8805513016845329,1.4436812078133309e-05,0.6125574272588055,1.3702369945093092e-05,1.0719754977029097,1.3661678058680508e-05,0.9571209800918835,1.3229972170558294e-05,0.6125574272588055,1.0463365152325343e-05,0.42113323124042873,9.724141529899522e-06,1.0535995657965473,1.2644087933038748,0.3122167897392274,0.31137053570206524,0.057216979187230066,0.056248213515408915,0.9432632518405536,0.9555403765685918,1.1942035256864818e-06,7.592806953683574e-07,0.503366158761001,0.49464539100735205,0.05848375652086516,0.05542680240137261,0.9740983852168366,0.9965673985018341,1.2147100240828764e-06,1.2593717047491312e-06,0.6697221809476462,0.6848289679628977,0.05973968811182514,0.056469101257682515,0.9144723597721335,0.9942404807348493,9.179142345925738e-07,1.2257813934465248e-06,0.8918248223713346,0.9109168337919638,0.059349227450245706,0.0615156243892116,0.984233576277132,0.9876011873063583,2.29114912891725e-06,2.079969804186165e-06,1.1124395237527893,1.131053849662427,0.06084679321098074,0.07698060424114489,0.9016142972084468,0.9799414254600823,1.982002696221288e-06,1.4090642490267972e-06
High_C5_P1_02,C5,P1,02,High,High_SCS.xlsx,317.617,26.48,28.19,17.56,27.77,25.77264785182304,29.532544921072827,0.0025720479580433,0.0055144752560086895,0.0022593806342595638,259.1592227468677,-8.399611077741623,3.92e-06,0.00024905278550023727,0.00036910075612497505,3.790505741139051e-05,11.446190505627596,1.975722087698388,3.9e-06,1538.4615384615386,1639.344262295082,3.66e-06,1.4400000000000002e-06,2.199999999999996e-07,3.199999999999999e-07,3.746248626336482e-14,5.982124535964716e-10,8.039191304955999e-05,5.889071027073873e-09,0.4623073888960436,4.491142432951065,1.4621690318444471,6.203103364235612,2.500315506831083,0.5950170147189915,0.6785622756624883,0.0002626450704799351,1.461074334843605e-05,0.8805513016845329,1.679708122310117e-05,1.0719754977029097,1.3842546185154515e-05,0.42113323124042873,1.3750075492658217e-05,0.42113323124042873,1.4191397347964222e-05,0.9571209800918835,1.3446058701469356e-05,0.15313935681470137,1.1502848983034701e-05,1.2134386105698274,1.0554316776098664,0.3105174109144724,0.3239194018127992,0.06044151618061606,0.05058786641556443,0.9094603384361785,0.9638076502856519,1.3588889636591995e-06,9.614850497153732e-07,0.49500382306967344,0.48264199244184747,0.0625994100560805,0.05699122636147031,0.9180051855024777,0.9524194493673154,1.2089919828778066e-06,1.2799172396851787e-06,0.66647187368659,0.6787505353407084,0.06342768148462831,0.05775624599896205,0.7752738857268533,0.9680255479548244,7.387907919226808e-07,1.0779158321628318e-06,0.8874286635553429,0.9069116514917471,0.06058035797521046,0.06461127803415824,0.9813555938085418,0.9945587163815228,2.4055982676798922e-06,2.1753767206311202e-06,1.1215791624024938,1.1395137598337706,0.06699679429066828,0.07811289831006539,0.9492699381345089,0.9925567415654556,2.204023774527281e-06,1.5836626223721834e-06
High_C5_P1_05,C5,P1,05,High,High_SCS.xlsx,317.617,26.48,28.19,17.56,27.77,25.057128070512814,29.33949091678972,0.00260243166162145,0.0054680649835101795,0.0023031154308043016,291.15093176759007,-9.321281212771899,3.88e-06,0.0002413482199850688,0.0003664949400940284,3.300236310979927e-05,20.433989172997343,2.697633832314904,3.9e-06,1538.4615384615386,1648.3516483516485,3.64e-06,2.2599999999999995e-06,2.4000000000000024e-07,6.799999999999998e-07,2.8237378099403615e-14,4.4763559877460684e-10,7.368867221886437e-05,5.368596229037473e-09,0.437463402319107,4.4633460050176215,2.005774265515157,6.1901031593255516,3.4979927948120917,0.5885554888650248,0.7098412196988088,0.0002622521506406827,1.346667613928815e-05,0.8805513016845329,1.545336593865218e-05,0.6125574272588055,1.533923060462872e-05,1.0719754977029097,1.349606219824585e-05,0.9571209800918835,1.2559021440971438e-05,0.6125574272588055,1.2268350009543411e-05,0.42113323124042873,9.758840543208089e-06,1.0074406813173757,1.0236927058250875,0.31802290971196934,0.3327587250171273,0.05692585502885642,0.052888105524823655,0.9708445016623873,0.8781025551751321,1.1326605879693488e-06,5.520750122652022e-07,0.5117629971847034,0.49821671505600196,0.05901837728455633,0.05813997910826001,0.9356365879590836,0.9876701634770856,1.0210600911847216e-06,1.1149276332889143e-06,0.6696628285603408,0.6807872961376643,0.06087440105754625,0.05877346232099272,0.8888138963365432,0.9716584375959137,1.0080340881613802e-06,1.188975864339158e-06,0.8859928281948392,0.9051188198395613,0.06039632599957677,0.06432003211218501,0.9799149183091317,0.9965973151280718,2.2439791885389932e-06,2.0518527794334866e-06,1.11959183083673,1.140982155146366,0.06837297816295186,0.07976696562712957,0.9265332392843247,0.992872883082115,2.046306157224465e-06,1.5724345532199173e-06
High_C5_P1_09,C5,P1,09,High,High_SCS.xlsx,317.617,26.48,28.19,17.56,27.77,25.20752918997969,28.007702261385504,0.00260710607755656,0.00546439222813261,0.0023186738168662086,273.6063232482088,-8.975169784065216,3.96e-06,0.00023271881342667514,0.00036664104151132494,3.505350400401116e-05,13.324531043346205,1.7070243499876914,3.94e-06,1522.8426395939084,1639.344262295082,3.66e-06,2.28e-06,2.2000000000000043e-07,1.0599999999999996e-06,3.190040348883842e-14,5.186676876502519e-10,6.449097945672964e-05,5.345214587551486e-09,0.4208354449956744,4.414451398390471,1.7577004073640896,6.1594800601005515,3.1908635371607748,0.5862912638486687,0.6928618431982918,0.00026303271751726035,1.3836320031665249e-05,0.8422664624808575,1.5917101592930866e-05,0.6125574272588055,1.4414338345921799e-05,1.0336906584992342,1.4249150939920515e-05,0.9571209800918835,1.28215217359654e-05,0.6125574272588055,1.1529454561426498e-05,0.8039816232771821,1.0774163110087586e-05,1.1042546738317383,1.1120665384115536,0.3131620775943552,0.3284406208764252,0.06077501520041171,0.052456819708852014,0.9389643441488642,0.8930491140690098,1.2187665419868433e-06,8.152355820244335e-07,0.5092862280687008,0.49469031113022566,0.058513871190580505,0.05689112054763265,0.9454442457480747,0.9881909272109578,1.0169737671683914e-06,1.0389706785107575e-06,0.6696869344077543,0.6814130932283555,0.06505814403758649,0.059771339712903285,0.7688193759307892,0.9639068139070123,8.055711799051052e-07,1.0945307042365169e-06,0.8844402755704875,0.9039403754391635,0.06272178501308401,0.06646146318579206,0.9811592245792073,0.9974013039841825,2.3395233816964934e-06,2.118083658442564e-06,1.1116993574123486,1.126812715097004,0.06705477400882379,0.07724540998757712,0.8995690800267728,0.9740161164971345,2.054295003506939e-06,1.5697661315237862e-06
High_C5_P1_10,C5,P1,10,High,High_SCS.xlsx,317.617,26.48,28.19,17.56,27.77,25.097574291013874,22.76789626209078,0.00257505293971586,0.00547541049426534,0.0022774903312299936,269.47186405453374,-8.829460591118307,3.98e-06,0.00024410242965471686,0.0003923917503489016,3.696607385951703e-05,14.782959665150582,1.850067339011294,3.92e-06,1530.6122448979593,1630.4347826086957,3.68e-06,2.3e-06,2.0000000000000063e-07,7.600000000000003e-07,3.521430523534176e-14,5.305869783223682e-10,6.708931802027504e-05,2.588419435920147e-09,0.40576205723392644,4.505973114974816,1.5858506833169164,6.2278021316602,2.8420874119104687,0.5942283069480772,0.6813729758758403,0.00026347539080581235,1.4296145458427255e-05,0.8805513016845329,1.5013210245274464e-05,0.6125574272588055,1.435409885644773e-05,0.3828483920367534,1.4237701634158096e-05,0.9571209800918835,1.561013275248295e-05,0.42113323124042873,1.1861659241693414e-05,0.6125574272588055,1.136010149832706e-05,1.0459179186029326,1.3160158387958,0.31716325050603134,0.327430413800648,0.06200936631238704,0.058748803443823695,0.9075435833735584,0.8903527397359118,1.0733608722450035e-06,6.294398295124503e-07,0.4994849724056496,0.4888696187242617,0.05839140490157359,0.05432901707983688,0.9750677484610829,0.9897423571801854,1.290610931650492e-06,1.3668891517311537e-06,0.6710481381825595,0.6801496536131822,0.05813445409844508,0.05480611979104929,0.9340579333718547,0.9877290531592091,1.1179143418468527e-06,1.3726956921498973e-06,0.8918911897322832,0.9074410477659174,0.06219221907221502,0.0638336410964953,0.9924205524769762,0.9931744387878328,2.4641869172008513e-06,2.3060502335386846e-06,1.112796356434564,1.1381406083183687,0.063058285472358,0.07807440641880813,0.9144047745783711,0.9923649616349876,1.954128850335447e-06,1.609161746480731e-06
High_C5_P1_01_rep2,C5,P1,01,High,High_SCS.xlsx,317.617,26.48,28.19,17.56,27.77,22.63972868329453,25.735682689666177,0.00248423571583391,0.00548876596836563,0.0022546028747424344,271.7699881507161,-8.958184999440986,4.04e-06,0.00017874609278425134,0.00033524955777223094,3.958475853245384e-05,3.5363834873415696,0.38160232985227843,4.04e-06,1485.148514851485,1587.3015873015875,3.78e-06,1.9e-06,1.9999999999999978e-07,5.98e-06,4.0925846033261644e-14,6.84746533747543e-10,5.084047335052148e-05,5.211913285552597e-09,0.473274527976669,4.504346280143795,1.3741769532449244,6.227993314937982,2.4094784134714953,0.5960120376774389,0.6604939090750793,0.00026206906664261236,1.3605020482832476e-05,0.57427258805513,1.71195895904446e-05,0.2679938744257274,1.5442393598880243e-05,1.0336906584992342,1.538117196734352e-05,0.6125574272588055,1.4678174794819389e-05,0.8805513016845329,1.2029848260396408e-05,0.2679938744257274,9.264815371509592e-06,1.108609774269463,1.2201461944449763,0.29472338088356353,0.282644941227657,0.050821870084788674,0.05013546674302334,0.9500884855030637,0.9047704419158945,1.3333302119428142e-06,8.48480511065213e-07,0.5345640683628301,0.5192371737672661,0.047364199075308935,0.05549877820451274,0.8205216137563549,0.9305492956541849,1.0703704436510755e-06,1.0280379286873226e-06,0.6857689804198883,0.6740610442922808,0.0654361725212877,0.05881337499683467,0.880010747508382,0.9487986766513394,9.240089387429036e-07,1.1348840776184404e-06,0.880617324501482,0.8994703531117417,0.06518484751692738,0.06236103811734674,0.9543484278613901,0.9955549561959383,1.977034168343634e-06,1.9794934713957054e-06,1.1251280076954335,1.1271000733364498,0.0787966637166003,0.07630592393806211,0.9544908617859477,0.970156311372113,2.257686413805852e-06,1.329856806428641e-06
High_C5_P1_02_rep2,C5,P1,02,High,High_SCS.xlsx,317.617,26.48,28.19,17.56,27.77,22.397996174595207,23.293746176863014,0.00255668916282797,0.00546739720980518,0.0022910034627645517,287.38418895318733,-9.620224541126023,4.02e-06,0.0001976164225990073,0.00034399541909989806,3.887480338440037e-05,4.684752376291914,0.9154721968021541,4.04e-06,1485.148514851485,1578.9473684210527,3.8e-06,2.06e-06,2.199999999999996e-07,8.000000000000004e-07,3.946077317944081e-14,6.770056917901661e-10,7.781558851326239e-05,3.4105147607166517e-09,0.46763552049700374,4.455781092633279,1.3276473503036015,6.186653681121088,2.134898858886618,0.589633422054949,0.6632918392412153,0.00026182541387422383,1.388628519129888e-05,1.0336906584992342,1.706119328350036e-05,0.8039816232771821,1.5737527492223873e-05,0.57427258805513,1.559132401329887e-05,0.6125574272588055,1.3752669513859928e-05,0.9188361408882082,1.0929220478269481e-05,0.2679938744257274,8.296295942546773e-06,1.0841088098382494,1.25833935575414,0.30325013980118226,0.30112845129005167,0.05178046275864857,0.0551553950895379,0.9827307704696091,0.9690069778317418,1.3940900848263666e-06,8.038683434975126e-07,0.5368823157196267,0.5162764810101642,0.0464601839845867,0.054823178876705125,0.7892386212205397,0.9572337776621079,9.294595883534047e-07,1.026698682923198e-06,0.6852825455278944,0.6747548475947523,0.06461423060386517,0.058838974318043955,0.9149765972916168,0.9521138458025974,9.321650670037969e-07,1.1233014999013059e-06,0.8831355319725925,0.8983085566612286,0.06740312608733039,0.06421252685785811,0.9686778704575828,0.9988696544297365,1.9788591971149834e-06,1.975769746696222e-06,1.1202107985985357,1.1218269954855007,0.08011358203092456,0.07228398390248846,0.8993451252939761,0.95320839470443,2.129706101269032e-06,1.4537916535454338e-06
High_C5_P1_05_rep2,C5,P1,05,High,High_SCS.xlsx,317.617,26.48,28.19,17.56,27.77,24.108422347149173,18.97208792236903,0.00254266591502267,0.00556889881296736,0.0022627469334299904,264.19794232624605,-8.938683276647753,4.12e-06,0.0001943616647373265,0.000347058638176647,3.937617576818216e-05,4.729096598100989,0.7846974079100945,4.08e-06,1470.5882352941178,1578.9473684210527,3.8e-06,2.8e-06,1.9999999999999978e-07,5.7e-06,4.0400019504907456e-14,6.995728436768922e-10,9.825610347360782e-05,7.275671598910429e-09,0.47498281569575757,4.5058162256810075,1.7702827039133866,6.2214718453963815,3.367241826882438,0.5957760828675961,0.686795761615508,0.00026326653974261763,1.4609411381503471e-05,1.0336906584992342,1.814832667516584e-05,0.8039816232771821,1.697622460312239e-05,0.57427258805513,1.646143607798347e-05,0.6125574272588055,1.3243450145064802e-05,0.8805513016845329,1.1315458348842714e-05,1.0336906584992342,1.071597142851402e-05,1.0690436790512414,1.1703855527897127,0.3135732372588725,0.289079590519884,0.04262415700539793,0.05449227347030399,0.8459249197729255,0.9266316459388143,1.3249721936729967e-06,8.420455621502014e-07,0.5225192508510523,0.5053979701030472,0.054444320974610015,0.06184489409625106,0.9005930957853451,0.9425644881330194,1.1879246741032559e-06,9.991373516661185e-07,0.6941875060910745,0.6777403816483208,0.06342686089693546,0.05734093034218896,0.9323289119198088,0.9721199723393126,1.0333097603358096e-06,1.2612111282380574e-06,0.8800423031691955,0.900414506318454,0.06904313739350479,0.06479415899974188,0.939998912960319,0.9990507455394009,1.926949696000063e-06,2.0101221170791532e-06,1.1205289236734022,1.1270498666443705,0.08237460513994335,0.07581179785027348,0.9100155048221773,0.9728479816460639,2.1445755244249724e-06,1.5427687440223015e-06
High_C5_P1_09_rep2,C5,P1,09,High,High_SCS.xlsx,317.617,26.48,28.19,17.56,27.77,22.31034541627283,23.69678265787863,0.0025346526305625,0.00555320613089951,0.0022886656261176864,301.12992250328676,-9.129608588923059,4.54e-06,0.00018869451015722443,0.00035682491659719826,3.355550996354909e-05,12.09111249833277,0.9327171165192751,4.56e-06,1315.7894736842104,1395.3488372093022,4.3e-06,7.199999999999995e-07,1.7999999999999997e-07,8.999999999999999e-07,2.9397133672885274e-14,4.928656403780897e-10,5.5279106986596906e-05,5.575797575497182e-09,0.423249931852424,4.496965205745895,1.8255114687081695,6.229296391231545,3.265180249531517,0.5927083444680351,0.7011352941271338,0.0002628320590126404,1.359604967245026e-05,0.9571209800918835,1.7576947240995557e-05,1.14854517611026,1.657409196642093e-05,0.6891271056661561,1.5686214091511228e-05,0.6508422664624809,1.1352703512212835e-05,0.9571209800918835,1.0435965548349972e-05,1.1102603369065849,9.590983980978621e-06,1.0605073397745752,1.0878439921798913,0.3028225012132318,0.32007402490060055,0.05351254970087109,0.048917016058855525,0.9925439152133939,0.9678983526866991,1.2496059665332688e-06,1.011047398710352e-06,0.4944128478667027,0.5095509863790971,0.048621026955732526,0.05011177146604909,0.9692576408384187,0.978761819861015,1.5029710124959176e-06,1.3074984895674478e-06,0.6944389920895182,0.6838942002365885,0.04794386207811337,0.0525979575638443,0.9718864306153411,0.995468064463198,2.0259799598159794e-06,1.5038446465076085e-06,0.9311172787866892,0.909033216855796,0.05207017394252319,0.06771790693974777,0.9079120221470182,0.9854321725695246,1.996641109578186e-06,1.4880298952906374e-06,1.159330006210615,1.133334893160389,0.060130733029811874,0.07160758528095928,0.9287103525347732,0.9837193038223789,2.302938958751169e-06,1.6961051911415987e-06
High_C5_P1_10_rep2,C5,P1,10,High,High_SCS.xlsx,317.617,26.48,28.19,17.56,27.77,22.800551645104775,27.584228924993525,0.00256703965525569,0.005502121442465919,0.0022798511953277013,294.54479830267053,-9.396272938638436,4.56e-06,0.00023909278290775495,0.0003797403143459855,3.508550303747985e-05,18.38097597259054,2.445745679407572,4.58e-06,1310.0436681222707,1395.3488372093022,4.3e-06,3.2400000000000003e-06,2.199999999999996e-07,8.600000000000002e-07,3.185711162271292e-14,5.035834220266592e-10,6.730343200389592e-05,5.163056529085094e-09,0.4645781988360794,4.4694827456072375,1.7166672768984141,6.208122131347501,3.0148668153537654,0.5912920402892494,0.687810537565231,0.0002613389068671348,1.3524078672466028e-05,0.49770290964777947,1.7235369868353965e-05,0.9571209800918835,1.630688676003664e-05,1.14854517611026,1.5506600073261518e-05,0.6125574272588055,1.3760284465016818e-05,0.34456355283307805,1.256172137340795e-05,0.9954058192955589,1.2518625261819779e-05,1.0569380326878046,1.0954138338661359,0.29322877777901113,0.31736254137677494,0.054720500045554815,0.05419490658364401,0.9756150494443142,0.8663486186242138,1.3075408650977828e-06,9.628997795218331e-07,0.503078418309967,0.5194145779506902,0.04396623065653193,0.042727807964569826,0.9328022179131121,0.9048073649852378,1.6109465593820228e-06,1.2520996540286795e-06,0.6896521803251836,0.6774558261274565,0.050220684574441316,0.054981827690644,0.9906511288868831,0.9834723110389558,1.971324410833532e-06,1.4584830849464968e-06,0.9242083366641223,0.9068187534537263,0.0564087562738984,0.06921416118728237,0.9471868867092295,0.9899985006974804,2.100418888341574e-06,1.6622930564686557e-06,1.1602926178909052,1.1371896876361551,0.05718618999635648,0.0738182535338968,0.9084327579421031,0.9896233905745608,2.3398774142182468e-06,1.7970146910961075e-06
High_C5_P3_10,C5,P3,10,High,High_SCS.xlsx,317.617,26.48,28.19,17.56,27.77,22.238800848813668,27.98002323406339,0.00254800810466279,0.00556288884962222,0.002275479256796606,294.07566826749144,-9.569134585892572,4.66e-06,0.00022014449034061688,0.00036909704177047324,3.3566736235530566e-05,15.728515245272838,1.641788244896371,4.58e-06,1310.0436681222707,1382.4884792626729,4.34e-06,7.799999999999997e-07,2.4000000000000024e-07,8.600000000000002e-07,2.9351510769523566e-14,4.657072984505757e-10,5.0201003401528194e-05,4.739116979499167e-09,0.4889881294074264,4.505377517778196,1.59886944074564,6.224566920135881,2.7137264152063016,0.5955225219129515,0.6830175687633258,0.0002637843657012483,1.3009376744688247e-05,0.9571209800918835,1.7869393098230153e-05,0.6891271056661561,1.5973657673701917e-05,0.15313935681470137,1.585453281121675e-05,0.6125574272588055,1.2296568967808686e-05,0.9571209800918835,1.121164620805871e-05,1.1102603369065849,1.0357130550193578e-05,1.118678786322714,1.0967673830273714,0.29245107390622976,0.309057076259605,0.05045593828265079,0.044522131642765805,0.9295716298197264,0.9344065669233506,1.2372724387111856e-06,9.921235574359685e-07,0.4992032074471536,0.5185692614945466,0.042579668822844745,0.04011069944846696,0.9254692245979474,0.8822189627880489,1.4514156095054936e-06,1.1866581984730368e-06,0.6907726452343361,0.682765202751581,0.04983909874720793,0.055039630512601564,0.9860911043213261,0.9916269970231306,1.9262168985237632e-06,1.5037644868968362e-06,0.922857016409891,0.9085652370734778,0.05615008937506874,0.06825235522846389,0.9457560071686203,0.9815580930737081,2.249854614265141e-06,1.666567593376692e-06,1.1534087866043847,1.1359728183950668,0.057922128067637496,0.07339678370567132,0.9193855501484316,0.987523118748822,2.290434457219608e-06,1.6782126996694007e-06
High_C5_P4_10,C5,P4,10,High,High_SCS.xlsx,317.617,26.48,28.19,17.56,27.77,25.735073500271085,26.116663196715844,0.00259875890624388,0.00552983405122401,0.0022972390000867093,255.5834689374704,-8.249072654358482,4e-06,0.00025624041571624005,0.0004828309107606476,4.685259165681938e-05,8.700204332918696,0.32704116049435283,4.06e-06,1477.8325123152708,1562.5000000000002,3.84e-06,1.5399999999999997e-06,1.9999999999999978e-07,8.200000000000002e-07,5.71287172360417e-14,7.372604365267152e-10,6.447205099736615e-05,5.705263165977852e-09,0.3268741289171995,4.4440399177328915,1.3606133658505153,6.179570178488754,2.399604320592741,0.5931408533175239,0.6616821318945098,0.00026537581566888897,1.730964182950954e-05,0.57427258805513,2.01163651404669e-05,0.8422664624808575,1.8801328262205018e-05,0.15313935681470137,1.858967856464106e-05,0.15313935681470137,1.8460581658608915e-05,0.57427258805513,1.8219009263196915e-05,0.8422664624808575,1.4810519484763077e-05,1.069943771523932,1.013259303986451,0.30117226595611346,0.3048877909171045,0.05295749447862323,0.05912371992096345,0.9296151854896048,0.8428006132626242,1.3294993728216446e-06,8.214724988731658e-07,0.5285843286753397,0.5207804379573812,0.050164809973750904,0.054924857808048115,0.8752705371191926,0.892450493526401,1.477941831709882e-06,1.428419847951918e-06,0.7099356060835184,0.6938415393519474,0.05840453429217755,0.056566207269467365,0.9072428361915323,0.9910768067939439,9.115416111056891e-07,1.1845965250350496e-06,0.8824625395324004,0.8966173355457252,0.06794790494971335,0.06476669366017776,0.950089322240062,0.9951694559518729,2.1814909925346135e-06,2.347803025568392e-06,1.132839962286575,1.1465420758956897,0.08085816117040297,0.07516469411820913,0.9590100585953821,0.9987094703164555,2.5939071769456725e-06,2.4050554739752515e-06
High_C5_P4_01,C5,P4,01,High,High_SCS.xlsx,317.617,26.48,28.19,17.56,27.77,25.920900618348128,24.925763295376953,0.00266253129507275,0.00551213804804113,0.0023246472915777693,244.50722742563732,-7.975298139080281,4.04e-06,0.0002660410220440176,0.00047401916659491446,4.401014587688307e-05,10.335223284906863,0.9288847195588015,4.04e-06,1485.148514851485,1570.6806282722514,3.82e-06,9.199999999999997e-07,2.199999999999996e-07,8.000000000000004e-07,5.0532028950017395e-14,6.947142158845896e-10,7.621717054061956e-05,5.74296247096601e-09,0.37696534311506624,4.467759840644714,2.012448873257821,6.238777243280647,3.80231453024842,0.5906577304628592,0.7036740350241173,0.0002663665095429908,1.73144210171254e-05,0.8422664624808575,2.0215924387320567e-05,0.57427258805513,1.9694812468006638e-05,1.3016845329249618,1.64217532002282e-05,0.57427258805513,1.6166162926223698e-05,0.8422664624808575,1.5634133914851975e-05,0.3828483920367534,1.133258480384284e-05,1.0264592970205304,1.0340298976738593,0.299835625645501,0.3200279288362036,0.05266718838111482,0.061315446426108366,0.980037259124984,0.809387636724153,1.3082099145148342e-06,6.62695973747479e-07,0.5246872977696652,0.512402879420733,0.05595940989756379,0.06093350313150202,0.8630580044775791,0.9110000993949873,1.3360763461744686e-06,1.2213060343710582e-06,0.7050930256442143,0.6905367834196808,0.057431476890135516,0.05343229602536592,0.9198918242006808,0.9910457286744014,1.1042460954811841e-06,1.417008966989375e-06,0.875927955379863,0.891958512571174,0.06527066736489708,0.06257976315372131,0.918742303794251,0.987330467331665,2.129748486204648e-06,2.295300022726913e-06,1.1230690942073813,1.1475106047858776,0.07723302383190103,0.07680283041613954,0.9251367001508682,0.9973625779284888,2.190744359451792e-06,1.9776702745154294e-06
High_C5_P4_05,C5,P4,05,High,High_SCS.xlsx,317.617,26.48,28.19,17.56,27.77,25.540930104015217,28.74146519380166,0.00267688842973056,0.00551380748230367,0.0023312456166273902,251.93136789258438,-8.241127731554394,4.06e-06,0.00028764085224195634,0.000515777489827633,4.658286867008784e-05,11.630959288586418,1.1615560168001862,4.06e-06,1477.8325123152708,1570.6806282722514,3.82e-06,7.599999999999995e-07,1.9999999999999978e-07,7.800000000000002e-07,5.6648495401642216e-14,7.084708026104375e-10,4.2390360125593895e-05,6.281909511448392e-09,0.31683501686595195,4.415132222459675,1.4651462898254342,6.190057109420917,2.6774361505929534,0.5895049965061593,0.6700742175618297,0.00026652884474307495,1.735569372843486e-05,0.8422664624808575,1.945925332086778e-05,0.57427258805513,1.8572017595499464e-05,1.0719754977029097,1.6521143751302867e-05,0.57427258805513,1.6822195329716664e-05,0.8805513016845329,1.469960785708235e-05,0.15313935681470137,1.419545010526153e-05,1.0477726597572607,1.144397479774548,0.2988478532774552,0.31075513915509256,0.05365040386316311,0.05881583748370144,0.9877757656935393,0.9514042374639261,1.33896132665367e-06,7.403926215988078e-07,0.5224091194363901,0.5135132534730183,0.05347179202397095,0.05728400468711421,0.9170386188544415,0.9562610166270871,1.4749130623564463e-06,1.4267925423942503e-06,0.7091741703794058,0.6894826440202154,0.05708585649315963,0.05626379799425436,0.9206649584315492,0.9943757196878353,1.043647958306787e-06,1.2873706253761627e-06,0.8729226124625753,0.890715202845512,0.06491208897742166,0.06312986778118501,0.914186313223783,0.9881273194849265,2.0525302039913566e-06,2.230978726670799e-06,1.129395573836574,1.1481918344059105,0.07907790804768404,0.07510431469177055,0.9510133463172458,0.9979535715742814,2.575694996098869e-06,2.383849035121512e-06
High_C5_P5_01,C5,P5,01,High,High_SCS.xlsx,317.617,26.48,28.19,17.56,27.77,22.711044325169784,22.850362564472597,0.00248523737639143,0.00554452507273433,0.0022208285531084876,267.0962326472731,-8.854949900762772,4.18e-06,0.00020254566307849315,0.0003556491071064399,4.5269496447234094e-05,3.5588824293229058,0.7272053821367435,4.18e-06,1435.4066985645934,1538.4615384615386,3.9e-06,2.7799999999999996e-06,2.6000000000000005e-07,7.1200000000000004e-06,5.336125005996414e-14,8.112665137159228e-10,7.656370604803933e-05,3.8266272972509285e-09,0.46068520374926086,4.572417622648961,1.4153039987462621,6.2630793162037826,2.712847678949309,0.60439403078738,0.6580056712810504,0.000264248910212925,1.5130608266984662e-05,0.15313935681470137,2.1180671262664737e-05,0.5359877488514548,1.753295223437433e-05,1.0336906584992342,1.6406604824334566e-05,0.15313935681470137,1.967438651862919e-05,0.57427258805513,1.4421820550418968e-05,0.8805513016845329,1.412008957378659e-05,1.2080492646919774,1.3642095382921744,0.279188747764941,0.30021193298214593,0.04862271054799428,0.05593166719764191,0.8998819657547911,0.9748902949870125,1.3356735813623175e-06,9.430216614338863e-07,0.5261017082812091,0.5251176563870145,0.04794792713482453,0.051249062194704105,0.8899961822301428,0.8628723381741996,1.5016133749066206e-06,1.1764289832549915e-06,0.7188404131974415,0.6943479183067615,0.055112169177507206,0.05806662633188786,0.8051282679163138,0.9635274575040716,1.0514207005573777e-06,1.2443097845184956e-06,0.8912533639642216,0.895205913745844,0.07016582137864977,0.05961218902791769,0.976568203872695,0.9865146742065506,2.1016382635230254e-06,2.0786841191895154e-06,1.1415795635799684,1.1191745942494762,0.08705952734306388,0.07021900786109639,0.9512744125705791,0.9568768235386602,2.12429897260281e-06,1.2500476855924766e-06
High_C5_P5_05,C5,P5,05,High,High_SCS.xlsx,317.617,26.48,28.19,17.56,27.77,21.06999474682368,20.927520323885624,0.00251895994849466,0.00555988386794966,0.0022786493138750616,284.4676286810645,-9.180615845808708,4.18e-06,0.00017135822567499018,0.00030510491087814846,4.019000000094216e-05,3.108191080011543,0.4778720966913694,4.2e-06,1428.5714285714287,1522.8426395939084,3.94e-06,2.4400000000000004e-06,1.9999999999999978e-07,7.28e-06,4.2104545390189026e-14,7.166839360459819e-10,7.099727669768877e-05,6.0049205426446704e-09,0.46976289758281076,4.530701815382232,1.4739305984677096,6.273105561276765,2.7585019764483993,0.5958817581536769,0.6673594113541024,0.0002642790237975412,1.3817935194332192e-05,0.5359877488514548,1.89824727091696e-05,0.1914241960183767,1.691080342470807e-05,1.0336906584992342,1.6906890748408444e-05,0.5359877488514548,1.5286601599457936e-05,0.8805513016845329,1.1715427964979898e-05,0.2679938744257274,9.449372937739501e-06,1.1225056024794808,1.3048264510973597,0.27414091561230547,0.2874674637136485,0.040707741181689495,0.05123664786513171,0.8497509996440786,0.9267798128188152,1.2063920646711396e-06,8.225318824403776e-07,0.5252206782489087,0.5261774151155109,0.046775866101902264,0.04684115502644193,0.8659248100679534,0.87572962294871,1.5345125952450396e-06,1.3930714314157118e-06,0.713164350691064,0.686784229086222,0.05165703355417269,0.05541772817850815,0.8934501243954992,0.9650504307464424,9.89529198019241e-07,9.166199490503636e-07,0.8952751238996121,0.8931711969267305,0.07231870096649295,0.061001391822643254,0.9700305037060374,0.990473800680245,1.9412983655859548e-06,1.8071620296961125e-06,1.138138272818611,1.1211693239392355,0.08490393013612109,0.07057594743312953,0.9563822260253974,0.9559569666790203,2.1564313569983724e-06,1.31372606402479e-06
High_C5_P5_10,C5,P5,10,High,High_SCS.xlsx,317.617,26.48,28.19,17.56,27.77,19.76701006978082,19.943530112773054,0.00254032870705512,0.00549076928948067,0.002303574930573087,284.50804794473487,-9.268947041751009,4.22e-06,0.00019002887515975927,0.0003240414836613209,4.124443977774564e-05,3.6546638691935875,0.6616542439348169,4.2e-06,1428.5714285714287,1522.8426395939084,3.94e-06,2.2200000000000003e-06,2.6000000000000005e-07,7.199999999999999e-06,4.4422609605512634e-14,7.268829133067553e-10,7.821037858662163e-05,3.12282773445557e-09,0.4765989823339269,4.474375484095215,1.2470145054359605,6.2272626683319485,2.0927403185741116,0.5911938618906698,0.6497852547117111,0.0002639044798888051,1.3703615321192244e-05,0.5359877488514548,2.0271389445190336e-05,0.22970903522205205,1.5738780144275767e-05,1.0336906584992342,1.5527905559490836e-05,0.5359877488514548,1.6355693573270053e-05,0.8805513016845329,1.171341479786314e-05,0.22970903522205205,1.085145186841553e-05,1.2879897915451408,1.3963214365064882,0.2755319153813422,0.29212486944593513,0.05056990404515505,0.059997236333748746,0.8552153867671138,0.9005221032181566,1.2163025018785195e-06,9.569639211462678e-07,0.5239123279779978,0.5265404718917415,0.049198661994993086,0.050987461006063495,0.8643258306331938,0.8266637432432512,1.4548708342771552e-06,1.199838199535029e-06,0.7076782614296676,0.6831554650585315,0.05614766288463019,0.05642301009411434,0.9334443745095623,0.9843579112133264,1.1012988817741725e-06,1.0914409512365361e-06,0.9004675850275136,0.8980714645593952,0.0723828721349462,0.06191923897437047,0.9652178892272187,0.9931479604034011,2.027086140660152e-06,1.8143402364695095e-06,1.1417052643227246,1.1243458523762797,0.08619686885124386,0.07153954847326176,0.9652575707988812,0.9695095602569213,2.062656577401073e-06,1.1997120159039356e-06
High_C9_P1_05,C9,P1,05,High,High_SCS.xlsx,319.186,39.72,27.89,4.97,27.42,20.068555963941755,22.461287891828615,0.0021586960346394,0.00631313260720588,0.0019445833305457177,166.1745162610372,-0.5294460247007082,7.98e-06,0.0001858619629975224,0.0003295863923765328,6.29665012235882e-05,0.5039900103841823,-0.020465572500484076,7.08e-06,847.457627118644,1229.5081967213116,4.88e-06,5.46e-06,3.800000000000006e-07,1.65e-05,1.0132094467827814e-13,1.2124190937368287e-09,0.00015650128766031104,1.593958111708114e-08,0.5629657643537274,5.494790429467319,2.262196361738916,7.369579132061164,4.462169438953641,0.6627285497455978,0.6915672101436738,0.0002766355832731585,1.9538308877882806e-05,0.3828483920367534,3.735329198045585e-05,0.1914241960183767,3.099799214677451e-05,0.6508422664624809,2.046703392121185e-05,0.1914241960183767,4.0668746475285526e-05,0.3828483920367534,2.4709251712817914e-05,0.57427258805513,1.0961703430239878e-05,1.2050229124056258,1.6458913973626015,0.3064522906022041,0.31036763506120224,0.06412762655972186,0.05873751667951855,0.8888281424734745,0.9236645256880139,2.9039616269289876e-06,2.1704812013818176e-06,0.4880400332768512,0.48393535995261117,0.04945608179107055,0.050098751346846236,0.9261678305268914,0.9534377069605802,2.8616519721057723e-06,2.3824757569719155e-06,0.676519776826492,0.6702257354756193,0.054138428251342345,0.05106928086172021,0.973842823922825,0.9604069762933363,2.1765156174979097e-06,7.780287954311743e-07,0.8933277583584509,0.8954702250451859,0.06384233912455585,0.06426872147027778,0.9942645556730978,0.9884275888273789,1.7276203016772497e-06,4.648728232797276e-07,1.1600007373379833,1.153021981757151,0.07823778841888088,0.08154253534548617,0.989411770842398,0.9355564959020711,1.9116904658517038e-06,3.489266109009382e-07
High_C9_P1_10,C9,P1,10,High,High_SCS.xlsx,319.186,39.72,27.89,4.97,27.42,19.566733064338926,22.703323164664223,0.00218306977487242,0.00629042830123538,0.0019742407686987296,170.0957311741595,-0.9403326139045625,1.026e-05,0.00019194732246431104,0.0003173616447707089,5.944062460397985e-05,0.4857500237786496,-0.12305233866031907,7.08e-06,847.457627118644,1086.9565217391305,5.52e-06,5.76e-06,3.800000000000006e-07,1.622e-05,9.011321760623851e-14,1.155393916189751e-09,0.00014499434594463832,7.779170946970215e-09,0.5644866474291456,5.502523360324341,2.2767538698027248,7.379229556400212,4.557421298213069,0.659349046013105,0.683391089092288,0.00027719764310610556,1.795694659899995e-05,0.3828483920367534,3.800567092955513e-05,0.22970903522205205,2.9268603749609848e-05,0.6508422664624809,1.7148263532762628e-05,0.1914241960183767,3.3907635729085184e-05,0.3828483920367534,2.5065977323016184e-05,0.57427258805513,9.742886507410145e-06,1.298513244983492,1.352735380687311,0.307682338748449,0.3125692693274555,0.06424013440627137,0.05757007085230915,0.9001699881908497,0.931359284682512,2.8190409751664476e-06,2.254452114223743e-06,0.48935643779922533,0.4864231298156555,0.04772337848841594,0.048738975405152554,0.9113422860279907,0.9587288962341413,2.7580417273013514e-06,2.3085384920859534e-06,0.6790775403420407,0.6696841566707055,0.055012995254134694,0.05103115999489999,0.9793599799695796,0.9265484456754326,1.974864418062676e-06,6.843037847917716e-07,0.8907172893923972,0.8945586424937757,0.07080920854867856,0.053703107031587316,0.9796126112444887,0.9309418480047303,1.4942276292045976e-06,5.530793069139749e-07,1.1569704717033686,1.141057492190866,0.0759735725935086,0.07988835446755603,0.99572380641066,0.95373986892772,1.839280943080512e-06,2.621582249073307e-07
High_C9_P2_05,C9,P2,05,High,High_SCS.xlsx,319.186,39.72,27.89,4.97,27.42,18.66974187998912,24.032498591461668,0.00222347008402579,0.00625570406857465,0.0020183714103567322,196.29459614649429,-0.5597537769467885,9.72e-06,0.00016306757546951048,0.00028078223693507164,4.9479692033706136e-05,0.8258349866218753,-0.08118170648565878,6.84e-06,877.1929824561404,1578.9473684210527,3.8e-06,5.38e-06,3.5999999999999994e-07,1.5620000000000003e-05,6.082895012738827e-14,8.995996650859556e-10,7.26862677758227e-05,1.501639314081339e-08,0.5988215077026448,5.351015238960078,2.072932921535923,7.319809973518819,4.149284515107779,0.6487587261901202,0.6865259344754568,0.00027354056179857897,1.5743520061465353e-05,0.42113323124042873,3.056355276039811e-05,0.22970903522205205,2.7579995396110594e-05,2.450229709035222,1.7375236860955812e-05,0.1914241960183767,3.3061942049959776e-05,0.3828483920367534,2.228124452125431e-05,0.6125574272588055,9.117072604291966e-06,1.1081782724492402,1.4838462247732807,0.3033408251701865,0.3143297891941016,0.061255879685501266,0.06058556092523363,0.9376889998918465,0.9508667617597141,2.7579162986074157e-06,1.7996961189469015e-06,0.49494761405340715,0.4756063886629991,0.05774637096482097,0.045528594679628887,0.8889825803043439,0.9169763013968373,2.675780297658028e-06,2.0002849807741706e-06,0.6893024142917021,0.6694862207757684,0.046142113069281565,0.055276819759115504,0.9525025368648633,0.9482525616011205,1.946207184907973e-06,7.483960908434228e-07,0.8985584419759155,0.8823812281202024,0.06588185246008968,0.059894549952408574,0.9976265009689359,0.9287234461508589,1.8454905322328628e-06,3.5928526198695135e-07,1.157888154347452,1.1246142350898416,0.07702804664703931,0.06893532821751533,0.9916531222764775,0.9160541162862414,2.176465614391523e-06,4.1564782961309987e-07
High_C9_P2_10,C9,P2,10,High,High_SCS.xlsx,319.186,39.72,27.89,4.97,27.42,19.03744816856938,24.69777797528718,0.00229058134137974,0.00630144656736812,0.002090754269529287,201.37411539125293,-1.3305568918001562,1.036e-05,0.0001838296249920124,0.0003062547975324863,4.989919906741897e-05,1.3150058540477456,-0.288925869908626,6.68e-06,898.2035928143712,1666.6666666666667,3.6e-06,5.4e-06,5.400000000000008e-07,1.5720000000000002e-05,6.329983364920634e-14,8.883226856011216e-10,5.032766853730039e-05,8.126407434634191e-09,0.5669668776105281,5.361236617842698,2.3467110854615454,7.352659289725602,4.6016457460615445,0.6446446084309344,0.6988279928288439,0.00027895732673947546,1.6315956837311564e-05,0.3828483920367534,3.2579926468620294e-05,0.22970903522205205,2.7218371392813807e-05,0.5359877488514548,2.524492435713963e-05,0.1914241960183767,2.9441549410360287e-05,0.3828483920367534,2.327764985339096e-05,0.6125574272588055,9.227689843249342e-06,1.1969829054591834,1.264798995216109,0.3048043407941914,0.3118991599398334,0.06298063206896312,0.06061236610494155,0.9168561179469112,0.9555012227055114,2.6161821169195796e-06,1.9591520751891883e-06,0.49453359099051836,0.4733746384087411,0.05756285334634415,0.045560243738204984,0.888299692790963,0.909376460304018,2.6638723982804116e-06,2.065582061736552e-06,0.690335729740917,0.6646336522658306,0.0469376869326282,0.05423151323913531,0.9592597993031299,0.9147947023132884,2.142945858420282e-06,6.70988929751668e-07,0.8870780750116939,0.9078264431929219,0.06604306625031749,0.06273656268939504,0.9881945858982224,0.9814297554671924,1.8793147841021414e-06,4.4495425104921016e-07,1.154674179357968,1.142956159649892,0.07604492232866163,0.07070081986748657,0.9969626221831066,0.98709755495247,2.2187175845504743e-06,3.4740490642302933e-07
High_C9_P3_05,C9,P3,05,High,High_SCS.xlsx,319.186,39.72,27.89,4.97,27.42,16.72095483110987,15.964190153337709,0.00223849499238862,0.00636655450360701,0.002053028896472635,201.92389933678638,-0.8509633138124186,9.64e-06,0.00015802850296665373,0.0002864331794659793,4.841593575581375e-05,0.7053442604191105,0.01763188851072154,6.7e-06,895.5223880597015,1027.3972602739727,5.84e-06,5.420000000000001e-06,3.200000000000003e-07,9.74e-06,5.841676101309018e-14,9.480563173149362e-10,0.00011363046015708405,9.153928913630566e-09,0.5724365299347594,5.427743570163155,3.013790388824471,7.3407443100605265,5.313437164920861,0.651878292387835,0.7329319836720166,0.00027993470698038897,1.6539485300387958e-05,0.3828483920367534,2.5559322804507287e-05,1.684532924961715,2.1190794273302283e-05,0.5359877488514548,2.101390864244002e-05,0.1914241960183767,2.9185016624434352e-05,0.49770290964777947,1.7486042426381783e-05,0.8422664624808575,3.3301779373740013e-06,1.2061521276036675,1.6690463309957206,0.3146946916310247,0.3248595599814509,0.0609581129759616,0.05323345997413383,0.9394796056051691,0.9509000308476087,1.9363296788696926e-06,1.3327020797529132e-06,0.49915652153314705,0.501242255951452,0.05374531515228502,0.04703001093909354,0.976918977647735,0.9576875515871561,2.366812658994594e-06,1.8198175931194733e-06,0.682252310817036,0.6637963426555294,0.0468848606722863,0.05428269224044866,0.9621410079949165,0.9106985803132714,1.6195047264293264e-06,6.5902395255463e-07,0.8998031609098388,0.8926244135274072,0.0691324353769084,0.05405961665670485,0.9904669978174545,0.9351493943561663,1.4505043032800771e-06,4.0811961804906774e-07,1.1627956941163837,1.1622479774971328,0.07540249302594824,0.07392632676394868,0.9901239128921507,0.9529142674334299,2.870569460936005e-06,3.5990760747130057e-07
High_C9_P3_10,C9,P3,10,High,High_SCS.xlsx,319.186,39.72,27.89,4.97,27.42,18.96684076028167,18.37272508763317,0.00222647506569836,0.00629042830123538,0.0020388637056484903,194.23475825780665,-0.7213122620589811,1.128e-05,0.00015372050167452317,0.0002634949868171691,4.633475285228197e-05,0.9703749221548974,0.02175340545644548,6.76e-06,887.5739644970415,1136.3636363636363,5.28e-06,5.3400000000000005e-06,4.4e-07,1.028e-05,5.3834126688995915e-14,8.940555556923513e-10,9.559722000263677e-05,9.117096267150197e-09,0.5420268845803197,5.392078319482908,2.72320244948019,7.348066614595671,4.9519104999285695,0.6486030582786637,0.7267085083953058,0.00027613426509902155,1.5846108288425848e-05,0.3828483920367534,2.5448046486897862e-05,0.5359877488514548,2.3842864582441982e-05,1.7228177641653903,2.047542056829552e-05,0.1914241960183767,2.1636854253797895e-05,0.49770290964777947,1.76665315229437e-05,0.8422664624808575,3.7496571135359987e-06,1.067323321473487,1.2247368987489706,0.3140067770843482,0.3224832471488002,0.058837741589247046,0.05321128105986498,0.9539449327147684,0.9661147737999393,2.1393986751210903e-06,1.4267863459693673e-06,0.5029746026282501,0.5045797936937971,0.05348443157044751,0.04571428036807048,0.9545128514712504,0.9544568478449256,2.357327783405425e-06,1.830541115407728e-06,0.6856145694579485,0.6653771685709402,0.049017484651737754,0.057416886591004225,0.9827443022021376,0.8575123368918562,1.6494760398814486e-06,4.469933564458502e-07,0.8994438405000008,0.8918006378972799,0.06763659410548466,0.06527127817176838,0.9920817584105255,0.9845066109152834,1.3687728161519264e-06,4.690296602300878e-07,1.1588942088458156,1.1543045849508067,0.07486969344810898,0.07943109411944271,0.9925508103120588,0.9751100154717155,2.7598390636002878e-06,3.8548012807526896e-07
High_C9_P4_05,C9,P4,05,High,High_SCS.xlsx,319.186,39.72,27.89,4.97,27.42,20.69844180772675,21.198147708808527,0.00216637543224706,0.00626605456100236,0.0019687795216270193,154.01314262235545,-1.0615859875624218,7.36e-06,0.00021372460938084162,0.00034360723703758884,5.216391562810162e-05,2.7339452517990948,-0.8270591800592747,6.28e-06,955.4140127388536,1190.4761904761906,5.04e-06,4.92e-06,4.800000000000005e-07,1.6599999999999994e-06,6.959622774339137e-14,9.648622651595129e-10,9.822745807522645e-05,7.840689418489818e-09,0.5542006021081691,5.461109404755594,2.144826181896722,7.349082625701784,4.349210095742677,0.6595899107333281,0.686851284139259,0.00027794125094396046,1.671329478473869e-05,0.42113323124042873,2.8783421421027617e-05,0.57427258805513,2.6108132777667433e-05,1.6079632465543643,2.267967741211067e-05,0.34456355283307805,2.1403247813131152e-05,0.5359877488514548,1.91890924113265e-05,0.1914241960183767,1.764155618252677e-05,1.102469508780003,1.115386086999698,0.3109744573744639,0.3216927196873149,0.05204178989039897,0.05385872990264438,0.9717243434657268,0.924884590539497,2.185481706214274e-06,1.7477160049103858e-06,0.49282459832427716,0.4958197282435101,0.06095695955189367,0.05492623171285211,0.939488879612109,0.9966474003401165,2.8635363218973595e-06,2.6167248751758673e-06,0.6880461897155915,0.6727453161770688,0.0517042805484851,0.053462369997363826,0.9278600731334248,0.9447968228172825,1.2275632809784405e-06,9.459017745532849e-07,0.9075525050225622,0.8932242134682885,0.06160245081598337,0.07054765820987322,0.9873713089509648,0.9731441434006529,1.1863006754571272e-06,4.1407931188719544e-07,1.1623446397567416,1.1561007098448226,0.07569128401323984,0.06727684648582308,0.9904472402482695,0.9721687456737801,3.0614425809324633e-06,4.6013340793660075e-07
High_C9_P4_10,C9,P4,10,High,High_SCS.xlsx,319.186,39.72,27.89,4.97,27.42,22.03551292298259,17.644948016723376,0.00227288533819686,0.00630278211477816,0.0020443675359928196,152.14539999476344,-0.8140708592843166,7.36e-06,0.00017697460737444457,0.0003453342367355924,5.0876495255238376e-05,1.4979422699509097,-0.07927230917228568,6.22e-06,964.6302250803859,1132.0754716981132,5.3e-06,4.92e-06,3.9999999999999956e-07,8.22e-06,6.430923550167675e-14,9.520280616438522e-10,0.00013563719267463656,8.889651250976342e-09,0.5602635677501685,5.381953983196791,2.682306796031909,7.3411397837341665,4.964466797108276,0.6513889977340174,0.7191836207714218,0.0002811244733606277,1.7497816072404445e-05,0.42113323124042873,2.7147531108226577e-05,0.57427258805513,2.5834046550888192e-05,1.5313935681470137,2.461535188804464e-05,0.34456355283307805,2.291360055455593e-05,0.5359877488514548,2.2862049394343574e-05,0.1914241960183767,2.0019218071458504e-05,1.0508431191338126,1.0022548353854173,0.3075227488698556,0.31988900516994895,0.05087357436614438,0.05282096657504052,0.9703282414496394,0.9362210158020386,2.4331478053188263e-06,1.905592062878762e-06,0.49461704323054745,0.4991099573048885,0.060808601078624167,0.05381415113276277,0.9305282518861415,0.9908958028986464,2.853657007906238e-06,2.6520508288833926e-06,0.6816371008916413,0.6714146154284056,0.048189085333835,0.05194642533662581,0.944832843997141,0.9571909936854766,1.288646577901638e-06,8.915256174806443e-07,0.9075022568557221,0.906685806875303,0.06591613356913689,0.07064451375387208,0.9903766883307208,0.9513765772753427,1.112770020800997e-06,5.17333557824185e-07,1.1592384968760894,1.1452048872465068,0.0753549739963252,0.07903340074350981,0.9935942835668224,0.9821080862040915,3.1985909897385856e-06,3.621419950629365e-07
High_C9_P5_05,C9,P5,05,High,High_SCS.xlsx,319.186,39.72,27.89,4.97,27.42,21.621586725969873,25.15208632428037,0.00226587371429421,0.00626705622155988,0.0019715490637146295,179.97919387310895,-0.660368831182525,7.3e-06,0.00022768127143813502,0.00043284954323631885,5.563896434897588e-05,4.4601120128099145,0.38866685693570696,7.4e-06,810.8108108108108,854.7008547008547,7.02e-06,5.3e-06,5.400000000000008e-07,6.659999999999999e-06,7.7352137887868e-14,9.178379397729915e-10,0.00011385725315092506,7.747741162280999e-09,0.5291172825259105,5.545519933623316,2.3326213686043173,7.4337723544774486,4.570775635486544,0.6595948004697054,0.7003892326576957,0.0002763909970197742,1.8883475711586312e-05,0.30627871362940273,3.3634396378649335e-05,0.57427258805513,3.09522122814495e-05,2.3736600306278715,1.7900991655587288e-05,0.34456355283307805,2.6995445891916023e-05,0.49770290964777947,2.1375724032637496e-05,0.15313935681470137,1.3870352224146037e-05,1.0866556156359692,1.2629019998478679,0.3086978660055773,0.3155998857064668,0.05131326023621181,0.05368875766069599,0.9631783693143507,0.9686992492331401,3.498144689127484e-06,2.8731248053043967e-06,0.49930466659884276,0.49938552105248457,0.06043587280131098,0.05284434111453952,0.9541831424461891,0.9955875322927658,3.4668876523167834e-06,2.7825609225199403e-06,0.6915322022567163,0.6696541248814623,0.04784687757005256,0.04764713584672161,0.9741270303971833,0.9464104134330643,2.470321756528949e-06,1.3796139425753694e-06,0.8925575040635255,0.8955334506363422,0.06259512885045083,0.06818428277983556,0.9876677412236503,0.9459384857896191,1.9510896075962175e-06,5.226005378580583e-07,1.1547753361252344,1.1280560919178368,0.07798422041747156,0.06798811141871053,0.9921197853148529,0.9307075845475747,1.778962947960463e-06,4.3778378857951037e-07
High_C9_P5_10,C9,P5,10,High,High_SCS.xlsx,319.186,39.72,27.89,4.97,27.42,20.23185913021265,21.89634802654932,0.0023443371246334,0.00634318242393152,0.0020235734278511385,185.93437798641176,-0.6573715092468749,7.48e-06,0.0002487295789784056,0.00046237548815495093,6.067212705334181e-05,4.234979611059108,0.4884588323870034,7.42e-06,808.6253369272238,854.7008547008547,7.02e-06,6.1400000000000005e-06,4.800000000000005e-07,6.619999999999999e-06,9.192181929443287e-14,1.0243029790870278e-09,0.00014909607101973473,1.2753328429115441e-08,0.5691845589826555,5.455978427886365,2.252487550866209,7.3805057910328005,4.464771515957681,0.6538006818373473,0.6935932894061647,0.00027869450997356464,2.0268066562617055e-05,0.30627871362940273,3.6528015864113097e-05,0.57427258805513,3.27862756700337e-05,0.15313935681470137,2.5034274674699606e-05,0.34456355283307805,2.9546639258846214e-05,0.49770290964777947,2.1371448022832574e-05,0.15313935681470137,1.620429928504919e-05,1.1141251637609493,1.382528588832677,0.3168000148352198,0.3214039082682701,0.05041405554355387,0.051566594735499356,0.9559225116398393,0.9395806471415833,3.723279747212796e-06,3.017096014359084e-06,0.4987210335262995,0.49769236592174904,0.06085381093085484,0.053187525781282614,0.9486207200277408,0.998578707734995,3.560300396564597e-06,2.9027272097126034e-06,0.6913007829811268,0.670410640762322,0.04623329532069154,0.051176644773127895,0.9596487474691023,0.9584134993097185,2.5315510324902236e-06,1.5300244147330058e-06,0.8914811311160354,0.8904406457519308,0.06459821982955635,0.0703320594718495,0.9877263957374002,0.8039670311603413,1.8995284382039514e-06,4.3337195303138777e-07,1.1527660293051945,1.1263516871011425,0.07993097754275398,0.06001049436536911,0.989166953951262,0.8774998271208126,1.8376847652418558e-06,3.9867894651646135e-07
High_C10_P1_05,C10,P1,05,High,High_SCS.xlsx,334.592,20.1,38.98,10.76,30.16,18.00569208149199,18.40816664182577,0.00226220095891663,0.00626405123988731,0.00208458679870377,193.80608639526247,-1.3619198693131782,9.02e-06,0.00019092764837055042,0.0003156105775602234,4.905229664909327e-05,1.8321029257194938,-0.5573702377915186,7.88e-06,761.4213197969542,835.6545961002786,7.18e-06,6.62e-06,4.800000000000005e-07,1.9200000000000003e-06,6.230245536469993e-14,9.313748233120242e-10,0.00013198800292126852,1.0433618936843659e-08,0.5767098693539174,5.396059187337589,2.32651573439898,7.353185001710518,4.515929257245761,0.6450353466116455,0.7003310259653516,0.00027905394631064586,1.6191967001388e-05,0.57427258805513,2.6007876632619953e-05,0.22970903522205205,2.4890769344661746e-05,1.6462480857580397,1.8992836996079576e-05,0.15313935681470137,2.3535870893858444e-05,0.3828483920367534,1.9212854077382848e-05,0.5359877488514548,1.9040108291913404e-05,1.0448803420902475,1.225006424035572,0.30685783190492727,0.3109268290343773,0.05887431724888772,0.05476882658667439,0.9357586812843987,0.989977780711009,2.382967249502254e-06,2.26211054195201e-06,0.5004939139605366,0.501090733424635,0.05620503942587955,0.054419540250925415,0.9849925107542754,0.9902156946020501,2.956424256661915e-06,2.198032960829834e-06,0.6891861420799631,0.6693818497708519,0.05055853528256006,0.05425102711020251,0.9909620882804185,0.9366570915495795,1.5300360745611864e-06,5.54104089977534e-07,0.8950201139328302,0.8869785635220626,0.0666354617193504,0.06596018454574734,0.9934641904083209,0.9391929264550598,1.4713165021202975e-06,3.0010736030779484e-07,1.1613909992467162,1.1340157189840678,0.07719674063943109,0.08707550487421371,0.9920947522457311,0.9272628006908535,2.195157768272568e-06,2.2332837976654438e-07
High_C10_P1_10,C10,P1,10,High,High_SCS.xlsx,334.592,20.1,38.98,10.76,30.16,17.76890800105812,22.769176200254996,0.00227989696209951,0.00626572067414985,0.002113946421286465,198.19342572921065,-1.4758298627443314,9.04e-06,0.0001848055818476131,0.0003137691432218118,4.688041857295614e-05,2.4339326759661457,-0.6810300901726728,8.12e-06,738.9162561576354,920.2453987730062,6.52e-06,6.700000000000001e-06,3.7999999999999975e-07,8.079999999999999e-06,5.5934102692847156e-14,8.620753041811538e-10,0.00012110088428948752,1.0070507324858814e-08,0.5696594215350895,5.417500110556175,2.2940515438430857,7.38980192038346,4.451084265097307,0.642559207178847,0.6961351318739236,0.00028037195985288865,1.5210678448262714e-05,0.57427258805513,2.4920127035202797e-05,0.34456355283307805,2.398103159049062e-05,1.684532924961715,1.8902176655674114e-05,0.15313935681470137,2.597836440796484e-05,0.3828483920367534,1.9747171505259287e-05,0.5359877488514548,1.6726902734248833e-05,1.0391598835941938,1.3155485627649222,0.3096586439623097,0.3138905180951362,0.05835580106781999,0.054579241212903314,0.9382474561125786,0.9834833437545902,2.4326804914718436e-06,2.142665569295738e-06,0.49990643541075397,0.4995960961572772,0.05709579274725822,0.05570136050497846,0.9844671820490818,0.9860366835402719,2.7467688270120844e-06,1.9715201917225443e-06,0.6893072501638692,0.6750478006732312,0.04942232658621708,0.04886972147407715,0.9836069922860244,0.9460111952472762,1.7402584715646738e-06,7.662730325030203e-07,0.8974411057460331,0.8864493791044189,0.06696919310785863,0.05743374757305068,0.9977598136046821,0.9327868875245161,1.3206776242387816e-06,3.1755690102417467e-07,1.1678801316506768,1.1387401244544553,0.07392423400573754,0.07675367136600016,0.9815424025949084,0.9652008811991376,2.123374596603356e-06,3.226323336589828e-07
High_C10_P2_05,C10,P2,05,High,High_SCS.xlsx,334.592,20.1,38.98,10.76,30.16,18.29307545357059,21.549127525258562,0.0022608654115066,0.00638091163826484,0.0020597316019594965,217.57466255957073,-1.3237251149420126,9.02e-06,0.00016678555170184463,0.0003108726950530678,4.4389396639456466e-05,3.4626386438463763,-0.036253659173716,7.68e-06,781.2500000000001,854.7008547008547,7.02e-06,6.36e-06,3.5999999999999994e-07,8e-06,4.985658937805979e-14,7.655107719267262e-10,9.832461419432732e-05,7.524429800246132e-09,0.5695950694808842,5.53909135674156,2.409593118860221,7.3934545335111395,4.601210897942758,0.6514342036880805,0.7065881536447153,0.00027976119692709833,1.514205681643395e-05,0.34456355283307805,3.194001155444641e-05,0.57427258805513,2.5158477326193923e-05,0.1914241960183767,1.9246513405847158e-05,0.15313935681470137,2.196390074872878e-05,0.42113323124042873,1.9834093340529496e-05,0.7656967840735068,4.540562991697854e-06,1.2695525993395176,1.1073810768282564,0.3249443950147335,0.3243585719847172,0.052851385173513954,0.04539846185082775,0.8986814383919095,0.9300559949312832,2.438355045128111e-06,2.1278864221084576e-06,0.49723929269406825,0.4911674831363581,0.054482166762795145,0.05494224778016973,0.9470748950479635,0.9935469556406155,2.952022217386972e-06,2.4015015977330756e-06,0.682446001489512,0.6640207655940865,0.05483909869268474,0.062110918776166375,0.982732993895675,0.7715103553699856,1.7492965911605275e-06,4.6262366742349774e-07,0.8914819464689657,0.8985317599092237,0.061416260900289454,0.0711593038088766,0.9855321481790074,0.9503815596611399,1.6338360703937502e-06,3.7972322662465346e-07,1.1564937837738754,1.1444173192208906,0.07910052725668505,0.07747317701336584,0.9929418515075534,0.957455530467931,1.829501247202699e-06,2.992010201754751e-07
High_C10_P2_10,C10,P2,10,High,High_SCS.xlsx,334.592,20.1,38.98,10.76,30.16,18.540465855438406,19.839883740146497,0.00225752654298153,0.0063391757817014395,0.002052716449184825,214.64053089437047,-0.9513205381345815,8.86e-06,0.0001563928259030427,0.00030989493491597023,4.451082215139358e-05,2.070205369155042,0.2619823930080416,7.76e-06,773.1958762886597,869.5652173913044,6.9e-06,6.48e-06,4.4000000000000087e-07,7.94e-06,4.885770938603017e-14,8.226230473273702e-10,0.00012385463871746234,1.1016290986018898e-08,0.5815102161890413,5.542864630025642,2.663220817848178,7.4349642670060865,4.875794341377329,0.6484571587586577,0.7253752801723814,0.00027692521177635787,1.5876571066823504e-05,0.34456355283307805,3.31464536683782e-05,0.57427258805513,2.7274060163641674e-05,0.1914241960183767,1.950097108241676e-05,0.15313935681470137,2.599394243617498e-05,0.34456355283307805,2.000208464280986e-05,0.5359877488514548,1.6275760788131104e-05,1.215310527812589,1.299561600743321,0.3213165097063653,0.31985560437412397,0.05517489088768288,0.050020386675629344,0.872513529921877,0.97122843370713,2.360884033497785e-06,2.1387980719801578e-06,0.5046898682233919,0.49693344751242946,0.05405465588632095,0.05680986132561588,0.9309452991843128,0.9917992959322597,2.710416874974707e-06,2.195403820460458e-06,0.6821360532555225,0.6608057090610642,0.054246263196644634,0.05483038155716584,0.9802909096962313,0.8863938885877085,1.867021029502235e-06,5.376067088452673e-07,0.8962793460901557,0.8863345337736352,0.06421406183330294,0.06900592897856962,0.9984371383967967,0.9752249596273582,1.545113152281076e-06,3.266371508318931e-07,1.1581398937238543,1.1213989350303488,0.07422304555636272,0.06530458963083072,0.9945989214009302,0.9137081977364664,1.9911386039975006e-06,3.4513680485843214e-07
High_C10_P3_05,C10,P3,05,High,High_SCS.xlsx,334.592,20.1,38.98,10.76,30.16,16.222066780393533,19.755375818176617,0.00218874585136505,0.00628408445103776,0.002055437051080828,190.76901670476752,-1.1642667895992,1.104e-05,0.00011593040298700104,0.00020838624164162494,3.895982157843847e-05,-0.0839736094634933,-0.11444886030589513,7.88e-06,761.4213197969542,840.3361344537815,7.14e-06,2.000000000000002e-08,3.4000000000000013e-07,1.876e-05,3.743037025314066e-14,7.593695736338721e-10,0.00011083227773295003,1.2494034934005126e-08,0.5981624500953605,5.4576733558868815,2.8030044368320985,7.356953656928002,4.998530017188298,0.6476595004248468,0.7301096702111849,0.0002782573396366822,1.3710822430986685e-05,0.34456355283307805,2.669261469283052e-05,1.6462480857580397,2.3369621855465792e-05,1.799387442572741,2.235419577363725e-05,0.15313935681470137,2.116741035068199e-05,0.42113323124042873,1.7628458054524064e-05,0.8805513016845329,3.533575848375609e-06,1.1421927883867211,1.2007521636016003,0.3268587113945411,0.31177692014282765,0.05328500132652969,0.05482790323638959,0.8334121891414666,0.9794242456994103,1.7649097832431343e-06,1.7411166986366579e-06,0.4911870840786348,0.4758063566587237,0.054491152694818606,0.05172976227890696,0.9646423408705275,0.9472049152112448,2.0034387753397135e-06,1.5155529934389786e-06,0.6860416483265644,0.6593559314838723,0.05540941740553938,0.051958889104930586,0.9941722966480201,0.8446815129066892,1.0306607641269225e-06,2.3255334884686727e-07,0.9161335499220621,0.9018251094182281,0.06326626931303628,0.06181459255875182,0.9590814407535427,0.9650767863412971,1.1534601340219312e-06,4.6631949484150635e-07,1.1641945381353371,1.1657376166824005,0.0732921701287459,0.08409665657267629,0.9877986308503163,0.9145005455026761,3.026475419950312e-06,2.7216791750862105e-07
High_C10_P3_10,C10,P3,10,High,High_SCS.xlsx,334.592,20.1,38.98,10.76,30.16,16.54347427951281,20.684963058297953,0.00221378736530309,0.00629743992513802,0.0020685180778302345,190.5927225729199,-0.8879178202591046,9.08e-06,0.00013699471646990381,0.00023723247315771107,3.970675895956289e-05,0.9630046971244353,-0.04621705332573717,7.9e-06,759.493670886076,852.2727272727273,7.04e-06,6.64e-06,4.2000000000000106e-07,1.0559999999999999e-05,3.868653628777323e-14,7.337359249586513e-10,0.00010507359700792007,7.668426641263473e-09,0.539257716612303,5.504083860075028,2.7580486450445236,7.4000885942399055,4.934066677342009,0.6482734280090594,0.7278955267168966,0.0002798104595989147,1.3854313421253633e-05,0.34456355283307805,2.754068104713509e-05,1.6079632465543643,2.2218657850650632e-05,1.799387442572741,2.166554279692325e-05,0.15313935681470137,2.629951789324945e-05,0.34456355283307805,1.758991241230769e-05,0.7274119448698315,3.988972354633744e-06,1.2395294077945038,1.4951476608661212,0.3285370392648304,0.32351260877253324,0.050503247339054785,0.05014803828339776,0.8467570021050271,0.9543409421571912,1.8426850461314707e-06,1.6739973837812372e-06,0.48923461194442397,0.478890987295661,0.055529513986273524,0.05134743999390374,0.9437449105916548,0.9597710089985634,2.2265815453986068e-06,1.7819843569636796e-06,0.6819368587871246,0.7031092833879616,0.05135487611525665,0.054834862660253225,0.9749969682320212,0.9580244987828331,9.316269115862174e-07,3.8845909983587015e-07,0.9056062135647874,0.9074575662313147,0.06716871470601414,0.05379496570642822,0.9873889087144356,0.9150360492716878,1.2472657678869866e-06,2.842681045691956e-07,1.160655786406157,1.1485093978623566,0.07535068051356428,0.06774929822380162,0.992595293977416,0.9687146696509787,2.9652737041891866e-06,4.181934941005237e-07
High_C10_P4_05,C10,P4,05,High,High_SCS.xlsx,334.592,20.1,38.98,10.76,30.16,20.63496410679673,19.970371120666687,0.00231896172384285,0.0062072904749611,0.0020513759817518845,183.19077154382273,-0.5636864107779374,9.3e-06,0.0001980966021807929,0.00036021585643548784,5.387273898100988e-05,2.3868637672522777,0.7842949721265182,9.14e-06,656.4551422319474,692.8406466512702,8.66e-06,7.86e-06,5.200000000000001e-07,1.942e-05,7.322995761105013e-14,1.019648335513571e-09,0.00015415659264252253,1.0593804879970233e-08,0.5773602467788691,5.413639445196098,2.4675643352056533,7.351037833252566,4.74034511450953,0.6503360424744756,0.7045533656347737,0.000278848453877244,1.7849855275828e-05,0.4594180704441041,3.295567843950858e-05,0.22970903522205205,2.5171768623519866e-05,0.6891271056661561,1.7684624177942973e-05,0.15313935681470137,3.592843300630015e-05,0.30627871362940273,2.455146523185644e-05,0.49770290964777947,1.799080527676958e-05,1.3092316882129584,1.4633925594098196,0.302501144693073,0.315760816817522,0.05324158796362718,0.050619545994149015,0.9611467829827713,0.9640384922513436,3.0108033471019074e-06,2.4359791734017043e-06,0.49771694365797464,0.4929305793790868,0.05616937908574161,0.05124234627926508,0.9648762670473506,0.9923418002719608,3.412773251114955e-06,2.541335425513608e-06,0.6922386381122357,0.6675255692248713,0.04846842131587637,0.05267122138512584,0.9788192248154701,0.931090884789541,2.202723554642577e-06,7.446470597489817e-07,0.8887224112149887,0.9028555261234384,0.06651582009702438,0.05615363503405732,0.9902727563140514,0.9644719302809127,2.0132505750092642e-06,3.7835350942511913e-07,1.1521900320765996,1.1668256473496952,0.07801134652086535,0.07434754801685271,0.9978876119905679,0.9264931760877376,2.011580015640871e-06,3.2145376814885145e-07
High_C10_P4_10,C10,P4,10,High,High_SCS.xlsx,334.592,20.1,38.98,10.76,30.16,18.93972571705838,20.496647289949767,0.00223816110553611,0.0063047854358932,0.0020304306344767022,199.7938408218498,-0.7310739789282389,9.18e-06,0.00018079041959288695,0.0003451020112641461,5.1458515651452264e-05,1.9104012621206907,0.08607960491443198,8.06e-06,744.4168734491315,808.6253369272238,7.42e-06,6.82e-06,3.8000000000000144e-07,1.9540000000000003e-05,6.537578951943127e-14,9.430233433232847e-10,0.00015872840002520303,8.09978654816146e-09,0.5742691573857539,5.494554652327602,2.5773220857023746,7.398599828973992,4.897793128911183,0.6530240561178384,0.7117006069027808,0.0002778182623985305,1.7412705951361576e-05,0.4594180704441041,2.9734414544202378e-05,0.22970903522205205,2.3981876284421242e-05,2.450229709035222,1.7452533801814513e-05,0.15313935681470137,3.460127475463837e-05,0.30627871362940273,2.6044387310261953e-05,0.5359877488514548,1.603104212780701e-05,1.2398701816191018,1.328550102326836,0.3022748309299017,0.31678727043283106,0.05208363760297288,0.050467821290514976,0.9705953763330439,0.9531397641878356,3.112976991486461e-06,2.467867808808779e-06,0.4982640681487779,0.49492089269207545,0.0581899029243592,0.054395076796046125,0.9483069870262655,0.9974942207213194,3.1466351156434067e-06,2.2631449191285804e-06,0.6843196751944657,0.6724401007058243,0.049178356131962093,0.053725234168083405,0.9828761626369109,0.9566997327236602,2.127580742298455e-06,8.007388239322025e-07,0.8893223899988651,0.9022337109556567,0.06338518058724467,0.06881215608447436,0.9839975433520908,0.935622381642809,1.8807957074441058e-06,4.2200661975653046e-07,1.1535656423230989,1.1216397810570793,0.07778673692438387,0.06431715990977571,0.9966885386340822,0.9446861183981191,1.908911733919726e-06,4.168137217166616e-07
High_C10_P5_05,C10,P5,05,High,High_SCS.xlsx,334.592,20.1,38.98,10.76,30.16,19.78679589055578,21.832576118615886,0.00224149997406119,0.00626905954267493,0.002031340124598397,182.6444952428846,-0.8520759013918925,8.7e-06,0.00022115078242914825,0.0003830977296455683,5.252736346965694e-05,3.3634892899279665,-0.6455688540141484,7.56e-06,793.6507936507937,974.025974025974,6.16e-06,6.220000000000001e-06,4.4000000000000087e-07,1.8999999999999996e-06,6.988213500692883e-14,9.239753368609838e-10,0.00010289045653100553,6.886322640814196e-09,0.5762502749227502,5.404293915611074,2.1145804820707643,7.335801345527634,4.208121215539783,0.6499237922237341,0.6872437348462231,0.00027715508323039253,1.6924138776357585e-05,0.34456355283307805,3.468693834336985e-05,0.49770290964777947,2.576351719409269e-05,1.6079632465543643,2.1543671313437094e-05,0.34456355283307805,2.8560217175412088e-05,0.15313935681470137,2.254387425048904e-05,0.8039816232771821,4.565893658260433e-06,1.3463587574511935,1.266872569958554,0.32311004457665293,0.3272743491981815,0.05401764313326703,0.04124919726543365,0.9031603340258537,0.8801123883137836,2.710172667606771e-06,2.4554169625830167e-06,0.4947218858816058,0.48693307248115614,0.04925706704185525,0.053392321072906236,0.9137697592277072,0.9867060486163859,2.553656687071399e-06,2.4638186256415984e-06,0.669048350201282,0.6650994511336351,0.055332519445869095,0.05571467892174184,0.9325540836295542,0.9108697945063592,1.344452823030614e-06,6.343645097086407e-07,0.9120136118617709,0.8978049564325524,0.06428216515475074,0.07083648257273206,0.9667452025662936,0.9550870963611698,1.128310653557963e-06,5.035728294994514e-07,1.1603730021477938,1.1513881359782152,0.07521336411937682,0.054025693674796135,0.9927190276456909,0.8472593726100369,2.7305964427920607e-06,2.321750295837782e-07
High_C10_P5_10,C10,P5,10,High,High_SCS.xlsx,334.592,20.1,38.98,10.76,30.16,20.17764021920398,19.17720743617689,0.00225786042983403,0.00627139675064248,0.0020329963311138772,188.24046380255282,-1.1009550052798833,8.66e-06,0.00019605873225923771,0.0003656096496030383,4.890467080912639e-05,3.059904256396613,-0.27813057324693663,7.48e-06,802.1390374331551,882.3529411764706,6.8e-06,6.220000000000001e-06,4.2000000000000106e-07,7.719999999999999e-06,6.096831870845805e-14,8.920716198507828e-10,9.719843781706876e-05,1.5266706263971498e-08,0.565595217423533,5.417235049025732,2.476668188497602,7.337775909647981,4.610401969274649,0.6493290402665634,0.7158217810292568,0.00027637877166371673,1.6994499498612323e-05,0.34456355283307805,3.170959292774786e-05,1.6079632465543643,2.0741188248343542e-05,0.1914241960183767,1.9315846122685134e-05,0.34456355283307805,2.430377271622267e-05,0.1914241960183767,1.7371786174395824e-05,0.5359877488514548,1.6278512523985243e-05,1.5288223133242125,1.399036982910075,0.32256352216603856,0.32491970603101583,0.053080138268844466,0.04512070809849006,0.9130860026325518,0.9224404151440065,2.5893075575194266e-06,2.1322065160652377e-06,0.4942110329170801,0.48759613762074394,0.049126068872889485,0.05357719595704806,0.9234642212192684,0.9838331483489297,2.454180392507495e-06,2.4716943840480237e-06,0.6761283138398526,0.6743315934321541,0.05819874795039842,0.05652867799618315,0.9290369050804437,0.9664271003001168,1.4389461759433105e-06,8.387405305906149e-07,0.9056850129099527,0.9131560151690394,0.06755262918966762,0.0690076657187063,0.9915716467279496,0.9283420486904215,1.033874701547563e-06,3.554728395628164e-07,1.163023693836933,1.1523521131973748,0.07305131908164184,0.06959124578728602,0.9866295335921794,0.947210086897628,2.592582180144192e-06,3.752428684442843e-07
High_C10_P6_05,C10,P6,05,High,High_SCS.xlsx,334.592,20.1,38.98,10.76,30.16,19.89449161252014,22.70150749360626,0.00229492187046233,0.00628575388530028,0.002041670578034492,209.09227856266034,-1.2429940007297238,8.88e-06,0.0001737687462869402,0.0003411703254114949,4.5164803856158324e-05,4.041389613809029,0.5521327573686348,8.7e-06,689.6551724137931,722.8915662650602,8.3e-06,6.5e-06,4.1999999999999937e-07,8e-06,5.0122322006718675e-14,7.682135777556165e-10,8.027585672315948e-05,8.287268130936903e-09,0.5604450971651883,5.499288144313755,2.5468397357062003,7.37667204502388,4.770707832066451,0.6490898797615071,0.7120636434088714,0.00027627824953044245,1.552067528930725e-05,0.34456355283307805,3.582861280097783e-05,0.57427258805513,2.3746940689922404e-05,1.6462480857580397,1.7352883379958212e-05,0.15313935681470137,2.484584464179129e-05,0.34456355283307805,2.4222131862484615e-05,0.5359877488514548,1.8220719010432063e-05,1.5087674559870832,1.0257496638651786,0.31815117059607156,0.3250641486522969,0.05541222609478595,0.0444562590746858,0.8910952080223726,0.9249826486743792,2.633045386357774e-06,2.2811171428786626e-06,0.49888869167123157,0.49839168041820703,0.053981216617547484,0.05550046968193984,0.9445144639062284,0.9933459261136063,2.7368821115374704e-06,2.302141074498339e-06,0.6758265472081082,0.6597585674298674,0.05580141104009671,0.054601426808078425,0.9394398101302649,0.83969878781259,1.3483603343126407e-06,6.186756095377943e-07,0.8943638892650791,0.8898834469970539,0.06602424996397449,0.06699696575380677,0.9931451079650812,0.9138285805732689,1.383308568736349e-06,3.1737100949627496e-07,1.165868828107616,1.145390269218228,0.07464405176411477,0.07734810033063205,0.9839762296711986,0.9084478743663107,2.011277126880083e-06,3.456095065079647e-07
High_C10_P6_10,C10,P6,10,High,High_SCS.xlsx,334.592,20.1,38.98,10.76,30.16,17.25492855319491,17.276505166694783,0.00220143355176032,0.00624168082076934,0.0019704570355806657,206.72948165639593,-0.7042425756299123,8.92e-06,0.0001824972216132026,0.0003438834638898261,4.697889662511758e-05,3.9498803786081487,0.7245237049132752,8.84e-06,678.7330316742082,717.7033492822967,8.36e-06,7.4600000000000006e-06,4.399999999999992e-07,8.079999999999999e-06,5.428118239921727e-14,8.254070225702906e-10,0.00013425841348691962,8.28386870211809e-09,0.5868418593535815,5.5272997121989125,2.1256331770594,7.374674133294464,4.164247966803717,0.653862757205857,0.6896181201424605,0.00027103907040797003,1.5529174292075096e-05,0.34456355283307805,3.6187784359931854e-05,0.49770290964777947,2.3288383430458653e-05,1.7611026033690658,1.7520931894330188e-05,0.15313935681470137,2.689603474232e-05,0.34456355283307805,2.426238047332998e-05,0.5359877488514548,1.894755043744505e-05,1.5538984452954239,1.1085488360606737,0.32305928592779515,0.32784487406811685,0.054187257303028806,0.0432045209908347,0.889128880018849,0.9083788195317489,2.6749275229271535e-06,2.4303325715105283e-06,0.5000329700015899,0.4997972359228512,0.05292473672672451,0.05451827365177628,0.9606044105358061,0.9894146628012799,2.7096629341848913e-06,2.239726525053039e-06,0.6790496834063473,0.6532671595023934,0.05478155749433709,0.04926084337670374,0.9621155743740825,0.8307685482013485,1.4419935661997834e-06,5.757769516072599e-07,0.9004384481872739,0.8965861188233424,0.06543554373121684,0.06536094363807848,0.9974252373761612,0.8383880543549835,1.2500764369316555e-06,2.978719790377881e-07,1.1596810894690255,1.1276706587830185,0.07330380384663886,0.0759737280916355,0.9895987748722231,0.9411157506176634,2.140317717940105e-06,3.1028653063015563e-07
High_C12_P1_05,C12,P1,05,High,High_SCS.xlsx,332.468,23.29,34.54,8.01,34.16,17.657106438866112,21.622998218429537,0.00221245181789306,0.006263383466182291,0.0020486430243893228,199.6298833311025,-0.4208982097224718,9.04e-06,0.00013583233228707043,0.00025128703370104374,4.6125041504431846e-05,0.5111525296553237,0.21607067344948547,8.84e-06,678.7330316742082,709.2198581560284,8.46e-06,7.64e-06,7.80000000000001e-07,1.9880000000000003e-05,5.1469132160593494e-14,8.439249253062778e-10,0.00022116435979261062,1.0290416803199457e-08,0.5900056621333077,5.5479003038035195,2.2946011071934462,7.434193115613146,4.4651182605803434,0.6508747717667273,0.6990749999859646,0.0002783643070048722,1.5283295379709898e-05,0.34456355283307805,3.860638804699049e-05,0.1914241960183767,3.2386730225426104e-05,0.57427258805513,1.793927317070085e-05,0.34456355283307805,2.4453984425280328e-05,0.1914241960183767,1.9332824380635988e-05,0.49770290964777947,1.282582885821482e-05,1.1920433642491672,1.2648944964750863,0.31535735811864624,0.3055022756216395,0.053550110415349295,0.04963801969790525,0.8485365650006137,0.9565237131855077,2.534266672136582e-06,2.6420664450806246e-06,0.4944755721361593,0.47327144589354375,0.05466269658885539,0.04970518321560297,0.9717502185382103,0.9298326053057472,2.6699952590974597e-06,1.6886848432389262e-06,0.6828332803742354,0.6729121027545923,0.05415473661204529,0.057673288130314186,0.9836461808761213,0.9383642130997567,1.6870389135105412e-06,4.512731132364551e-07,0.8978026081563253,0.8955348014643267,0.06411322450590295,0.06178758829369312,0.9986939374504981,0.9710109294824227,1.8682785960142808e-06,2.7320766023255886e-07,1.1517864969240938,1.1644559072214418,0.07683499494089023,0.0749921444925521,0.9980093313607057,0.9603454836078501,2.226891077773162e-06,3.4535362982072573e-07
High_C12_P1_10,C12,P1,10,High,High_SCS.xlsx,332.468,23.29,34.54,8.01,34.16,17.05279384750033,16.43665068877918,0.00227088201708182,0.00627907614825014,0.002055806834765618,197.20005702995294,-0.7842564132095922,9.06e-06,0.00016405074986018702,0.0002963648063188085,4.6853197847985154e-05,0.9569217001523032,0.4988333003503199,9e-06,666.6666666666666,709.2198581560284,8.46e-06,7.78e-06,6.799999999999986e-07,1.9640000000000002e-05,5.455532574968719e-14,9.008492311865583e-10,0.00019395726392454837,1.4033344067510479e-08,0.5495122516304306,5.572001910487836,2.7170261766409,7.465260873921241,4.979037674247481,0.651221307629337,0.7198458752178877,0.00027972974344699797,1.5939425902934998e-05,0.34456355283307805,3.875032763231309e-05,0.1914241960183767,3.239957617202481e-05,0.57427258805513,1.7549386112833066e-05,0.34456355283307805,2.5358724128213196e-05,0.1914241960183767,2.3941800268441948e-05,0.49770290964777947,1.3821464088781919e-05,1.1960133746983521,1.0591819656292494,0.31828500738271664,0.3028006949883759,0.05054052168043183,0.049695807737053066,0.867710538910053,0.9306169236537636,2.6013239492485575e-06,2.5825658027917538e-06,0.49255097943884485,0.4744256541329588,0.05619166082881086,0.04935808335987284,0.9584268590292735,0.9330859324074171,2.515213408918557e-06,1.7251487205806831e-06,0.6872901865794803,0.6710088734425149,0.05416680101525152,0.05350359871151085,0.9948413380986019,0.9221050642730401,1.7092757822925674e-06,3.606956308141195e-07,0.8888370337023379,0.9264695056273337,0.06622545189006093,0.05538812880193794,0.9912411633897972,0.9167354580721104,1.5732633687094832e-06,3.2072155518038764e-07,1.1578203556016535,1.1549625172839448,0.0773612448174051,0.0687743866010254,0.9931941270197683,0.9604777468813939,1.916042555008374e-06,4.035860572726463e-07
High_C12_P2_05,C12,P2,05,High,High_SCS.xlsx,332.468,23.29,34.54,8.01,34.16,22.33902797978665,21.95241048481043,0.00236570588319386,0.00627139675064247,0.002079997196968101,171.93004278040942,-0.9981374498780475,7.62e-06,0.00021803193127534873,0.00041239705960290877,5.874074147430229e-05,1.9731227716140127,0.3317822763521776,7.58e-06,791.5567282321899,837.9888268156425,7.16e-06,6.34e-06,4.799999999999988e-07,6.799999999999999e-06,8.581444068498154e-14,1.0835654985876592e-09,0.00014693703905982363,1.3437983183985076e-08,0.5754678331037729,5.512909131696477,2.5178695453404205,7.457917359350035,4.778461913521953,0.6502706261806347,0.7079722137581657,0.0002833312515126699,1.921739925471905e-05,0.3828483920367534,3.339857253611855e-05,0.5359877488514548,2.9240831814288345e-05,0.22970903522205205,2.4942426270566885e-05,0.3828483920367534,2.8050577614351942e-05,0.22970903522205205,2.6450186666678343e-05,0.6125574272588055,1.338497371150423e-05,1.1421895110934923,1.060505806909255,0.3113525495468896,0.31254763999288854,0.05801091888545014,0.058615245693540444,0.9515664435246725,0.9524942484822602,3.1544886808811875e-06,2.9285580883607096e-06,0.4982826014965665,0.49425880356436697,0.05516450569352079,0.047869767224380605,0.9779178029143153,0.97677829950137,3.1099186222424438e-06,2.557433614997283e-06,0.6889044045831895,0.6702351659020744,0.041168558518553666,0.055125842275568326,0.8930902979710611,0.9538696560920638,1.6369188857523568e-06,1.0892849059972876e-06,0.9027123574479256,0.8762845357425129,0.0669142268847607,0.05981363962599006,0.9933129249727837,0.9258153229377221,1.5357594601295527e-06,4.3660313592149336e-07,1.1544238490565766,1.1568582401445675,0.07564720672024743,0.07996937009628809,0.9979427889845744,0.9889710675903817,2.5081553861692034e-06,4.1164205627214924e-07
High_C12_P2_10,C12,P2,10,High,High_SCS.xlsx,332.468,23.29,34.54,8.01,34.16,21.704025008205015,22.445001575696075,0.00234634044574844,0.00624635523670443,0.002081321059097887,170.51067113675157,-1.26761812408425,7.64e-06,0.00021884573754669826,0.0004276918510679363,6.124359670407718e-05,2.238026803790194,-0.16424164547124287,6.6e-06,909.090909090909,1006.7114093959732,5.96e-06,5.32e-06,3.9999999999999956e-07,1.83e-05,9.434834662249574e-14,1.064148716123526e-09,0.00019954202040124177,1.5959703859112388e-08,0.5632991271573924,5.472263256529668,2.661161380591632,7.40262474517695,4.953522261363549,0.6492678458657511,0.7139861801561765,0.00028280989906963967,2.0430139673947246e-05,0.3828483920367534,3.367217331954412e-05,0.22970903522205205,2.971344342794083e-05,0.5359877488514548,2.7828819820809e-05,0.22970903522205205,2.9147884716754478e-05,0.3828483920367534,2.782415429109757e-05,0.6125574272588055,1.3338717724152322e-05,1.1332302251663806,1.047574828842349,0.30977383091728516,0.3106569416588825,0.060043745991333386,0.05997432386198218,0.9582110072595987,0.9418389678080351,3.142249283497018e-06,2.863475051207315e-06,0.4975949566462392,0.4944534236054628,0.0549911458699717,0.04850944869207083,0.982186746605952,0.9810942970910193,3.1118924523668952e-06,2.6017471372725763e-06,0.6887645835406369,0.6703378517265441,0.03964796726077199,0.055627919742179614,0.8786400445524785,0.9507525161226189,1.6832289616250245e-06,1.1262254154966329e-06,0.8944131621464585,0.8853929286920605,0.06783571372582407,0.06806924774304393,0.9956002349649344,0.9735663799850119,1.389299435559404e-06,4.764210004307478e-07,1.1583216002886645,1.1501075253852209,0.07651411356806932,0.05802549786509892,0.9948037176567998,0.8946702798283326,2.2608667237778125e-06,5.566679002554463e-07
High_C12_P3_05,C12,P3,05,High,High_SCS.xlsx,332.468,23.29,34.54,8.01,34.16,18.72483745714905,18.805788080495546,0.00233765938758325,0.00632248143907607,0.0021365155969700297,226.09377934706615,-1.5285241402199123,7.86e-06,0.00014188169534109168,0.00027055204408278806,4.158703107342006e-05,2.004842962472712,0.07268081667209886,6.86e-06,874.6355685131196,955.4140127388536,6.28e-06,5.5200000000000005e-06,3.9999999999999956e-07,1.588e-05,4.205795980981102e-14,7.085426136020789e-10,8.832454238659487e-05,8.019387027283164e-09,0.5645599740881447,5.405791836131152,2.5410410833064803,7.362674181151385,4.72151879062657,0.6380036687314046,0.7196127313669427,0.000278720040881961,1.482576269937696e-05,0.3828483920367534,3.435634708598259e-05,1.6079632465543643,2.0824646364754067e-05,1.8759571209800918,1.801041900253631e-05,0.3828483920367534,2.3615432907354455e-05,0.1914241960183767,1.9410230253050068e-05,0.57427258805513,8.238910066048736e-06,1.6497925023273654,1.216648714767043,0.3334315535749533,0.3261059089833057,0.05315834848807055,0.053046653660034415,0.8244730091494454,0.9548667289416052,2.1526749396161673e-06,2.062169402433076e-06,0.49122180807407445,0.48633971421387046,0.04932186871705633,0.04836379097984716,0.9420890123948334,0.952269177148674,2.221403709258967e-06,1.950928563739882e-06,0.6745117821974346,0.6678265571627436,0.05105853141918351,0.05154019204461705,0.9650796072220691,0.9480793812910954,1.5810420483380314e-06,7.088582943701102e-07,0.9105755976175062,0.8940538632522136,0.06724468603792541,0.05540476644333074,0.9869423478404813,0.952848634513298,1.198414756545954e-06,6.062694070784042e-07,1.1606122714680924,1.1505887817264397,0.07390797893296482,0.08629328747167705,0.9924026440783098,0.9217121583528368,2.505043682534745e-06,2.0929385072911308e-07
High_C12_P3_10,C12,P3,10,High,High_SCS.xlsx,332.468,23.29,34.54,8.01,34.16,17.430342211092377,16.9689524623255,0.002255857108719,0.00627607116657757,0.0020788429465987217,211.2431647814642,-0.6822047736110738,7.94e-06,0.00015198286945906458,0.00027916605903549694,4.305947626365932e-05,1.7119858193992208,-0.036787974207221324,7.08e-06,847.457627118644,967.741935483871,6.2e-06,2.000000000000002e-08,2.9999999999999967e-07,1.342e-05,4.2235311686401256e-14,7.196010246657392e-10,9.592634757146857e-05,9.017356044897592e-09,0.5766635297798938,5.400786502379587,2.505907769700836,7.371189231572312,4.703345334044992,0.6437540177047569,0.7167905797763242,0.000276576107389868,1.519599069899812e-05,0.3828483920367534,2.7658342993137244e-05,0.1914241960183767,2.0708955019476267e-05,1.569678407350689,1.9836990412395486e-05,0.1914241960183767,2.8441109128612e-05,0.4594180704441041,2.031291786728859e-05,1.14854517611026,4.0608815397788955e-06,1.3355739887189508,1.4001488074868866,0.3259481932961477,0.3157224813902993,0.053241617730662875,0.05272339699633393,0.8715863768545409,0.9874336694702873,2.199513914762059e-06,2.0323471205578185e-06,0.48857479454500496,0.48773786116747897,0.05072631200769285,0.0512134226414337,0.9411503891418964,0.9655780606494315,2.492884310087376e-06,2.1146399565232137e-06,0.6715041143171325,0.6728953376447583,0.050086298822032645,0.052971461749439626,0.9562515634018695,0.9706180039797246,1.7181846319103997e-06,7.987020723568218e-07,0.9062308855491215,0.892209244184042,0.06626332943668564,0.06620596175278878,0.9965317990064761,0.987705638456674,1.6124371457699184e-06,4.5911060255600047e-07,1.162004516741608,1.1482307464733728,0.07549872116300081,0.07343397388380714,0.9905328834555308,0.9390965349195525,2.7292942232240573e-06,4.75405788333843e-07
High_C12_P4_05,C12,P4,05,High,High_SCS.xlsx,332.468,23.29,34.54,8.01,34.16,19.602123180734253,21.738306297163533,0.00234033048240331,0.00624368414188438,0.002111362240340343,164.60283776573993,-1.0816608468299025,8.1e-06,0.0001770024771508203,0.000347319632130524,4.8181079123045814e-05,2.6495505533830945,0.38844903367122685,8.1e-06,740.7407407407408,781.2500000000001,7.68e-06,6.02e-06,4.399999999999992e-07,7.339999999999999e-06,5.899123710296847e-14,8.929355342321813e-10,0.00011106266963317725,6.168906891130998e-09,0.5593922936938549,5.330688974705658,2.4538115784778727,7.315104623813868,4.710226427888223,0.6442054240115889,0.699122349287918,0.00028344414560789005,1.5801623301075558e-05,1.569678407350689,2.539917275197181e-05,0.3828483920367534,2.3078666031610755e-05,1.7611026033690658,2.2777484525972765e-05,0.4594180704441041,2.1615497227507654e-05,0.30627871362940273,1.9967999584682903e-05,0.8422664624808575,3.0285949422847773e-06,1.1005476493587203,1.0825068406742995,0.31411397394311286,0.3248996224280242,0.05694115160625231,0.04384909882110025,0.9815214061184266,0.9146484998387605,2.46353819584814e-06,1.9891336920994167e-06,0.4940592508593038,0.49858774981887716,0.05090788962242534,0.05426481903369177,0.9868574960114085,0.9896551690752943,2.68314052880363e-06,2.582533396461368e-06,0.6644865016334696,0.6536938931975478,0.05661462614572014,0.04544425271715505,0.8922826051858634,0.8545761201544804,1.226378982537023e-06,8.696490172416553e-07,0.9121887414203433,0.8759293333594924,0.0641177820539299,0.061745199450680216,0.9827874813734622,0.9497173681721213,1.4920090421270755e-06,3.449414359855572e-07,1.1576187752687348,1.1175857123360606,0.07690920064605104,0.07286185088749206,0.9962271693246008,0.9300975268874788,3.668895763824174e-06,2.7537949792898534e-07
High_C12_P4_10,C12,P4,10,High,High_SCS.xlsx,332.468,23.29,34.54,8.01,34.16,19.42286776267678,22.069747792625265,0.00230894511826763,0.0062894266406778605,0.0020724452905773417,167.30893169207897,-1.1285059674242357,8.1e-06,0.0001667425447372789,0.0003314596460926198,5.0405829394028394e-05,1.3021770869694116,0.18492994307876162,7.18e-06,835.6545961002786,925.925925925926,6.48e-06,5.8800000000000005e-06,3.199999999999995e-07,1.35e-05,6.326214746801002e-14,9.793386540464774e-10,0.00012450343333088342,8.632865380321051e-09,0.5794985957933777,5.38318109933511,2.379123411383312,7.325020877106466,4.6128860250470645,0.6492519515919805,0.7011010222713991,0.00028238278395866206,1.6681600381836316e-05,1.569678407350689,2.5452580749497923e-05,1.7611026033690658,2.4905995387088688e-05,1.4165390505359876,2.358377916958724e-05,0.4594180704441041,2.1314852265983528e-05,0.30627871362940273,2.0419129089257484e-05,0.8422664624808575,4.482143514864965e-06,1.0219458942302178,1.0438668137580105,0.30917693920243083,0.3188951491177196,0.05807441847904832,0.04584634607980926,0.9791729588580071,0.9195015077763437,2.5552061415299168e-06,2.011437308935851e-06,0.49269932685003853,0.5005808306414304,0.05042198196366393,0.05319140797510349,0.981390273789655,0.981984778069216,2.6287033153801715e-06,2.437802185158532e-06,0.6609801585928371,0.6535620396772421,0.053429361363919424,0.04135820772106751,0.8855998484483512,0.8380568707657344,1.2044213077108952e-06,8.756335842677822e-07,0.9246054220240745,0.8835210170789598,0.06145866033555236,0.06636318457517966,0.9506886765289583,0.9556429591092918,1.3578020943685725e-06,4.6720916178821925e-07,1.1580357187438994,1.13810322447028,0.07719827439678774,0.07067765090026636,0.9957471655225246,0.9698435907863423,3.371561665050467e-06,2.694770365624658e-07
High_C12_P5_05,C12,P5,05,High,High_SCS.xlsx,332.468,23.29,34.54,8.01,34.16,17.677277479909836,20.986362795985315,0.00229859462583991,0.00626405123988732,0.002119848980576394,204.5125610207817,-1.0837985047032899,8.66e-06,0.00014536280059660104,0.00025905422799509946,4.096925274006397e-05,1.218288624771927,0.8328518503887041,8.42e-06,712.5890736342043,763.3587786259543,7.86e-06,7.100000000000001e-06,5.799999999999995e-07,7.64e-06,4.0120921349723845e-14,7.905180180677692e-10,0.0001004590889655685,1.0335325246952284e-08,0.5936500067984902,5.403420858265904,2.3676046405170057,7.346198405376801,4.546720356340085,0.640084874612355,0.708898522891123,0.00027889730191818724,1.3626788390161385e-05,0.2679938744257274,2.0654262752127685e-05,0.49770290964777947,2.000874515248086e-05,1.8376722817764164,1.96392747326214e-05,0.15313935681470137,2.11679607278061e-05,0.30627871362940273,1.659095449224509e-05,0.4594180704441041,1.187925091250864e-05,1.0322617216854835,1.2758735166097204,0.31771793310849594,0.3178148432525765,0.0532642995802749,0.044362486269379074,0.9389909112759193,0.9402993702440993,2.3631912250350455e-06,1.8005267080179966e-06,0.5000841217602958,0.5026627515958723,0.04849594870125654,0.05122968859624523,0.9559489351273416,0.9850653069386386,1.9080905468437852e-06,1.4952099908339932e-06,0.68026196682554,0.6833106519565297,0.05762347587098975,0.05096596429754028,0.9410186248731843,0.9897070644011627,1.3021708067621719e-06,6.737104113733798e-07,0.8985055961458279,0.9008201213852217,0.059506850327518485,0.07429883298617254,0.9862730174575983,0.9463272259561275,1.0216327825867787e-06,4.485894032066509e-07,1.1640638255200735,1.1204619118612535,0.07578095922830265,0.06464532573014634,0.9882447750464318,0.9131869511595009,2.3020255585890618e-06,2.5553618435116525e-07
High_C12_P5_10,C12,P5,10,High,High_SCS.xlsx,332.468,23.29,34.54,8.01,34.16,18.858067594641764,22.39758831365627,0.00227388699875438,0.00628007780880767,0.002091317918060184,207.895605551864,-1.5133019235879703,8.28e-06,0.00012784785143033425,0.00024526111085316354,3.7574013141455165e-05,0.7026823327283851,0.10407579334445022,8.52e-06,704.2253521126761,751.8796992481203,7.98e-06,2.000000000000002e-08,4.800000000000005e-07,1.94e-05,3.4680523485370285e-14,7.23514203745792e-10,0.00010602100075446529,1.3247854300962701e-08,0.5790396473172985,5.46686503504991,2.8454354750926645,7.379945928522971,4.983221229358167,0.6442946540753822,0.7416126232298497,0.0002785962141158421,1.3945752068618491e-05,1.6462480857580397,2.136526784082042e-05,0.2679938744257274,2.076343061659656e-05,0.49770290964777947,2.0181797465485088e-05,0.15313935681470137,1.907397341434534e-05,0.30627871362940273,1.6975745194177337e-05,0.4594180704441041,1.0711651289859146e-05,1.028985392941637,1.1236014721336782,0.31494574557917315,0.3195772269370129,0.05334542281555,0.04348448164403684,0.9474194433095067,0.9314701044499224,2.279148370475554e-06,1.845013870397687e-06,0.5005694428731631,0.4958087311527615,0.04821171453209416,0.05107555209705715,0.9548885837181437,0.9909027753837409,1.8834168733544678e-06,1.331768815697489e-06,0.6762529296401021,0.6598118327095273,0.05912653554271377,0.049124621152940896,0.9438103596419272,0.8963104518417673,1.399542736692091e-06,5.873714658866734e-07,0.9047765357398084,0.8992898253778151,0.06843008010628648,0.06324512349190758,0.9917484227420167,0.9760767286745137,1.0146661990027047e-06,4.068706541096904e-07,1.1564486757668417,1.136272006139975,0.07737903886317193,0.08470728166738706,0.9949176947749951,0.9593909649840651,2.3994658835135346e-06,4.0584953179871087e-07
